sample_id,read1,read2,gpu_profile
agron_L01,/jic/archive/projects/watseq/My_Book_Duo/Agron_DP8400011528TL_L01_567.R1.fastq.gz,/jic/archive/projects/watseq/My_Book_Duo/Agron_DP8400011528TL_L01_567.R2.fastq.gz,1gpu
agron_L01,/jic/archive/projects/watseq/My_Book_Duo/Agron_DP8400011528TL_L01_568.R1.fastq.gz,/jic/archive/projects/watseq/My_Book_Duo/Agron_DP8400011528TL_L01_568.R2.fastq.gz,1gpu
alba_L3,/jic/archive/projects/watseq/ECS/pr-raw-watseq/WatSeq-modern_global_reads/data/modern_clean1/Alba_9D38818RP3F312312PA_BHYV5TDSXX_L3_312312.R1.fastp.fastq.gz,/jic/archive/projects/watseq/ECS/pr-raw-watseq/WatSeq-modern_global_reads/data/modern_clean1/Alba_9D38818RP3F312312PA_BHYV5TDSXX_L3_312312.R2.fastp.fastq.gz,1gpu
alba_L3,/jic/archive/projects/watseq/ECS/pr-raw-watseq/WatSeq-modern_global_reads/data/modern_clean1/Alba_9D38818RP3F353353PB_BHYV5TDSXX_L3_353353.R1.fastp.fastq.gz,/jic/archive/projects/watseq/ECS/pr-raw-watseq/WatSeq-modern_global_reads/data/modern_clean1/Alba_9D38818RP3F353353PB_BHYV5TDSXX_L3_353353.R2.fastp.fastq.gz,1gpu
albatross_L1,/jic/archive/projects/watseq/ECS/pr-raw-watseq/WatSeq-modern_global_reads/data/modern_clean1/Albatross_9D38870RP3F301301PA_BH322JDSXY_L1_301301.R1.fastp.fastq.gz,/jic/archive/projects/watseq/ECS/pr-raw-watseq/WatSeq-modern_global_reads/data/modern_clean1/Albatross_9D38870RP3F301301PA_BH322JDSXY_L1_301301.R2.fastp.fastq.gz,1gpu
albatross_L1,/jic/archive/projects/watseq/ECS/pr-raw-watseq/WatSeq-modern_global_reads/data/modern_clean1/Albatross_9D38870RP3F301301PB_AH33CYDSXY_L1_301301.R1.fastp.fastq.gz,/jic/archive/projects/watseq/ECS/pr-raw-watseq/WatSeq-modern_global_reads/data/modern_clean1/Albatross_9D38870RP3F301301PB_AH33CYDSXY_L1_301301.R2.fastp.fastq.gz,1gpu
alcedo_L2,/jic/archive/projects/watseq/ECS/pr-raw-watseq/WatSeq-modern_global_reads/data/modern_clean1/Alcedo_9D38836RP3F326326PA_AH2WKGDSXY_L2_326326.R1.fastp.fastq.gz,/jic/archive/projects/watseq/ECS/pr-raw-watseq/WatSeq-modern_global_reads/data/modern_clean1/Alcedo_9D38836RP3F326326PA_AH2WKGDSXY_L2_326326.R2.fastp.fastq.gz,1gpu
alcedo_L4,/jic/archive/projects/watseq/ECS/pr-raw-watseq/WatSeq-modern_global_reads/data/modern_clean1/Alcedo_9D38836RP3F369369PB_AH32TYDSXY_L4_369369.R1.fastp.fastq.gz,/jic/archive/projects/watseq/ECS/pr-raw-watseq/WatSeq-modern_global_reads/data/modern_clean1/Alcedo_9D38836RP3F369369PB_AH32TYDSXY_L4_369369.R2.fastp.fastq.gz,1gpu
alert_L01,/jic/archive/projects/watseq/My_Book_Duo/Alert_DP8400011681BR_L01_503.R1.fastq.gz,/jic/archive/projects/watseq/My_Book_Duo/Alert_DP8400011681BR_L01_503.R2.fastq.gz,1gpu
alert_L01,/jic/archive/projects/watseq/My_Book_Duo/Alert_DP8400011681BR_L01_504.R1.fastq.gz,/jic/archive/projects/watseq/My_Book_Duo/Alert_DP8400011681BR_L01_504.R2.fastq.gz,1gpu
alert_L01,/jic/archive/projects/watseq/My_Book_Duo/Alert_FP200000081BL_L01_503.R1.fastq.gz,/jic/archive/projects/watseq/My_Book_Duo/Alert_FP200000081BL_L01_503.R2.fastq.gz,1gpu
alert_L01,/jic/archive/projects/watseq/My_Book_Duo/Alert_FP200000081BL_L01_504.R1.fastq.gz,/jic/archive/projects/watseq/My_Book_Duo/Alert_FP200000081BL_L01_504.R2.fastq.gz,1gpu
almus_L01,/jic/archive/projects/watseq/My_Book_Duo/Almus_DP8400011374TR_L01_517.R1.fastq.gz,/jic/archive/projects/watseq/My_Book_Duo/Almus_DP8400011374TR_L01_517.R2.fastq.gz,1gpu
almus_L01,/jic/archive/projects/watseq/My_Book_Duo/Almus_DP8400011374TR_L01_518.R1.fastq.gz,/jic/archive/projects/watseq/My_Book_Duo/Almus_DP8400011374TR_L01_518.R2.fastq.gz,1gpu
almus_L01,/jic/archive/projects/watseq/My_Book_Duo/Almus_DP8400011375TR_L01_517.R1.fastq.gz,/jic/archive/projects/watseq/My_Book_Duo/Almus_DP8400011375TR_L01_517.R2.fastq.gz,1gpu
almus_L01,/jic/archive/projects/watseq/My_Book_Duo/Almus_DP8400011375TR_L01_518.R1.fastq.gz,/jic/archive/projects/watseq/My_Book_Duo/Almus_DP8400011375TR_L01_518.R2.fastq.gz,1gpu
altria_L01,/jic/archive/projects/watseq/My_Book_Duo/Altria_DP8400011692TL_L01_541.R1.fastq.gz,/jic/archive/projects/watseq/My_Book_Duo/Altria_DP8400011692TL_L01_541.R2.fastq.gz,1gpu
altria_L01,/jic/archive/projects/watseq/My_Book_Duo/Altria_DP8400011692TL_L01_542.R1.fastq.gz,/jic/archive/projects/watseq/My_Book_Duo/Altria_DP8400011692TL_L01_542.R2.fastq.gz,1gpu
altria_L01,/jic/archive/projects/watseq/My_Book_Duo/Altria_FP200000081BL_L01_541.R1.fastq.gz,/jic/archive/projects/watseq/My_Book_Duo/Altria_FP200000081BL_L01_541.R2.fastq.gz,1gpu
altria_L01,/jic/archive/projects/watseq/My_Book_Duo/Altria_FP200000081BL_L01_542.R1.fastq.gz,/jic/archive/projects/watseq/My_Book_Duo/Altria_FP200000081BL_L01_542.R2.fastq.gz,1gpu
arminda_L4,/jic/archive/projects/watseq/ECS/pr-raw-watseq/WatSeq-modern_global_reads/data/modern_clean1/Arminda_9D38840RP3F337337PC_AH32TYDSXY_L4_337337.R1.fastp.fastq.gz,/jic/archive/projects/watseq/ECS/pr-raw-watseq/WatSeq-modern_global_reads/data/modern_clean1/Arminda_9D38840RP3F337337PC_AH32TYDSXY_L4_337337.R2.fastp.fastq.gz,1gpu
arminda_L3,/jic/archive/projects/watseq/ECS/pr-raw-watseq/WatSeq-modern_global_reads/data/modern_clean1/Arminda_9D38840RP3F337337PC_BH32JLDSXY_L3_337337.R1.fastp.fastq.gz,/jic/archive/projects/watseq/ECS/pr-raw-watseq/WatSeq-modern_global_reads/data/modern_clean1/Arminda_9D38840RP3F337337PC_BH32JLDSXY_L3_337337.R2.fastp.fastq.gz,1gpu
arminda_L2,/jic/archive/projects/watseq/ECS/pr-raw-watseq/WatSeq-modern_global_reads/data/modern_clean1/Arminda_9D38840RP3F378378PB_AH2WKGDSXY_L2_378378.R1.fastp.fastq.gz,/jic/archive/projects/watseq/ECS/pr-raw-watseq/WatSeq-modern_global_reads/data/modern_clean1/Arminda_9D38840RP3F378378PB_AH2WKGDSXY_L2_378378.R2.fastp.fastq.gz,1gpu
arminda_L1,/jic/archive/projects/watseq/ECS/pr-raw-watseq/WatSeq-modern_global_reads/data/modern_clean1/Arminda_9D38840RP3F378378PB_AH3232DSXY_L1_378378.R1.fastp.fastq.gz,/jic/archive/projects/watseq/ECS/pr-raw-watseq/WatSeq-modern_global_reads/data/modern_clean1/Arminda_9D38840RP3F378378PB_AH3232DSXY_L1_378378.R2.fastp.fastq.gz,1gpu
aronde_L4,/jic/archive/projects/watseq/ECS/pr-raw-watseq/WatSeq-modern_global_reads/data/modern_clean1/Aronde_9D38937RP3F327327PB_BH2WHTDSXY_L4_327327.R1.fastp.fastq.gz,/jic/archive/projects/watseq/ECS/pr-raw-watseq/WatSeq-modern_global_reads/data/modern_clean1/Aronde_9D38937RP3F327327PB_BH2WHTDSXY_L4_327327.R2.fastp.fastq.gz,1gpu
aronde_L3,/jic/archive/projects/watseq/ECS/pr-raw-watseq/WatSeq-modern_global_reads/data/modern_clean1/Aronde_9D38937RP3F327327PC_AH32CJDSXY_L3_327327.R1.fastp.fastq.gz,/jic/archive/projects/watseq/ECS/pr-raw-watseq/WatSeq-modern_global_reads/data/modern_clean1/Aronde_9D38937RP3F327327PC_AH32CJDSXY_L3_327327.R2.fastp.fastq.gz,1gpu
aronde_L1,/jic/archive/projects/watseq/ECS/pr-raw-watseq/WatSeq-modern_global_reads/data/modern_clean1/Aronde_9D38937RP3F327327PC_BH32CVDSXY_L1_327327.R1.fastp.fastq.gz,/jic/archive/projects/watseq/ECS/pr-raw-watseq/WatSeq-modern_global_reads/data/modern_clean1/Aronde_9D38937RP3F327327PC_BH32CVDSXY_L1_327327.R2.fastp.fastq.gz,1gpu
avalon_L2,/jic/archive/projects/watseq/ECS/pr-raw-watseq/WatSeq-modern_global_reads/data/modern_clean1/Avalon_9D38838RP3F336336PA_AH2WKGDSXY_L2_336336.R1.fastp.fastq.gz,/jic/archive/projects/watseq/ECS/pr-raw-watseq/WatSeq-modern_global_reads/data/modern_clean1/Avalon_9D38838RP3F336336PA_AH2WKGDSXY_L2_336336.R2.fastp.fastq.gz,1gpu
avalon_L3,/jic/archive/projects/watseq/ECS/pr-raw-watseq/WatSeq-modern_global_reads/data/modern_clean1/Avalon_9D38838RP3F336336PA_BH32JLDSXY_L3_336336.R1.fastp.fastq.gz,/jic/archive/projects/watseq/ECS/pr-raw-watseq/WatSeq-modern_global_reads/data/modern_clean1/Avalon_9D38838RP3F336336PA_BH32JLDSXY_L3_336336.R2.fastp.fastq.gz,1gpu
avalon_L1,/jic/archive/projects/watseq/ECS/pr-raw-watseq/WatSeq-modern_global_reads/data/modern_clean1/Avalon_9D38838RP3F377377PB_AH3232DSXY_L1_377377.R1.fastp.fastq.gz,/jic/archive/projects/watseq/ECS/pr-raw-watseq/WatSeq-modern_global_reads/data/modern_clean1/Avalon_9D38838RP3F377377PB_AH3232DSXY_L1_377377.R2.fastp.fastq.gz,1gpu
avalon_L4,/jic/archive/projects/watseq/ECS/pr-raw-watseq/WatSeq-modern_global_reads/data/modern_clean1/Avalon_9D38838RP3F377377PB_AH32TYDSXY_L4_377377.R1.fastp.fastq.gz,/jic/archive/projects/watseq/ECS/pr-raw-watseq/WatSeq-modern_global_reads/data/modern_clean1/Avalon_9D38838RP3F377377PB_AH32TYDSXY_L4_377377.R2.fastp.fastq.gz,1gpu
avocet_L01,/jic/archive/projects/watseq/My_Book_Duo/avocet_DP8400011692TL_L01_539.R1.fastq.gz,/jic/archive/projects/watseq/My_Book_Duo/avocet_DP8400011692TL_L01_539.R2.fastq.gz,1gpu
avocet_L01,/jic/archive/projects/watseq/My_Book_Duo/avocet_DP8400011692TL_L01_540.R1.fastq.gz,/jic/archive/projects/watseq/My_Book_Duo/avocet_DP8400011692TL_L01_540.R2.fastq.gz,1gpu
avocet_L01,/jic/archive/projects/watseq/My_Book_Duo/avocet_FP200000081BL_L01_539.R1.fastq.gz,/jic/archive/projects/watseq/My_Book_Duo/avocet_FP200000081BL_L01_539.R2.fastq.gz,1gpu
avocet_L01,/jic/archive/projects/watseq/My_Book_Duo/avocet_FP200000081BL_L01_540.R1.fastq.gz,/jic/archive/projects/watseq/My_Book_Duo/avocet_FP200000081BL_L01_540.R2.fastq.gz,1gpu
aztec_L01,/jic/archive/projects/watseq/My_Book_Duo/Aztec_FP100001131BL_L01_527.R1.fastq.gz,/jic/archive/projects/watseq/My_Book_Duo/Aztec_FP100001131BL_L01_527.R2.fastq.gz,1gpu
aztec_L01,/jic/archive/projects/watseq/My_Book_Duo/Aztec_FP100001131BL_L01_528.R1.fastq.gz,/jic/archive/projects/watseq/My_Book_Duo/Aztec_FP100001131BL_L01_528.R2.fastq.gz,1gpu
banco_L01,/jic/archive/projects/watseq/My_Book_Duo/Banco_DP8400011528TL_L01_559.R1.fastq.gz,/jic/archive/projects/watseq/My_Book_Duo/Banco_DP8400011528TL_L01_559.R2.fastq.gz,1gpu
banco_L01,/jic/archive/projects/watseq/My_Book_Duo/Banco_DP8400011528TL_L01_560.R1.fastq.gz,/jic/archive/projects/watseq/My_Book_Duo/Banco_DP8400011528TL_L01_560.R2.fastq.gz,1gpu
bandit_L01,/jic/archive/projects/watseq/My_Book_Duo/Bandit_DP8400011550BR_L01_583.R1.fastq.gz,/jic/archive/projects/watseq/My_Book_Duo/Bandit_DP8400011550BR_L01_583.R2.fastq.gz,1gpu
bandit_L01,/jic/archive/projects/watseq/My_Book_Duo/Bandit_DP8400011550BR_L01_584.R1.fastq.gz,/jic/archive/projects/watseq/My_Book_Duo/Bandit_DP8400011550BR_L01_584.R2.fastq.gz,1gpu
banner_L01,/jic/archive/projects/watseq/My_Book_Duo/Banner_DP8400011374TR_L01_521.R1.fastq.gz,/jic/archive/projects/watseq/My_Book_Duo/Banner_DP8400011374TR_L01_521.R2.fastq.gz,1gpu
banner_L01,/jic/archive/projects/watseq/My_Book_Duo/Banner_DP8400011374TR_L01_522.R1.fastq.gz,/jic/archive/projects/watseq/My_Book_Duo/Banner_DP8400011374TR_L01_522.R2.fastq.gz,1gpu
beauchamp_L01,/jic/archive/projects/watseq/My_Book_Duo/Beauchamp_DP8400011550BR_L01_533.R1.fastq.gz,/jic/archive/projects/watseq/My_Book_Duo/Beauchamp_DP8400011550BR_L01_533.R2.fastq.gz,1gpu
beauchamp_L01,/jic/archive/projects/watseq/My_Book_Duo/Beauchamp_DP8400011550BR_L01_534.R1.fastq.gz,/jic/archive/projects/watseq/My_Book_Duo/Beauchamp_DP8400011550BR_L01_534.R2.fastq.gz,1gpu
beaver_L1,/jic/archive/projects/watseq/ECS/pr-raw-watseq/WatSeq-modern_global_reads/data/modern_clean1/Beaver_9D38853RP3F335335PB_AH3232DSXY_L1_335335.R1.fastp.fastq.gz,/jic/archive/projects/watseq/ECS/pr-raw-watseq/WatSeq-modern_global_reads/data/modern_clean1/Beaver_9D38853RP3F335335PB_AH3232DSXY_L1_335335.R2.fastp.fastq.gz,1gpu
beaver_L4,/jic/archive/projects/watseq/ECS/pr-raw-watseq/WatSeq-modern_global_reads/data/modern_clean1/Beaver_9D38853RP3F335335PB_BH322JDSXY_L4_335335.R1.fastp.fastq.gz,/jic/archive/projects/watseq/ECS/pr-raw-watseq/WatSeq-modern_global_reads/data/modern_clean1/Beaver_9D38853RP3F335335PB_BH322JDSXY_L4_335335.R2.fastp.fastq.gz,1gpu
beaver_L3,/jic/archive/projects/watseq/ECS/pr-raw-watseq/WatSeq-modern_global_reads/data/modern_clean1/Beaver_9D38853RP3F335335PC_BH322JDSXY_L3_335335.R1.fastp.fastq.gz,/jic/archive/projects/watseq/ECS/pr-raw-watseq/WatSeq-modern_global_reads/data/modern_clean1/Beaver_9D38853RP3F335335PC_BH322JDSXY_L3_335335.R2.fastp.fastq.gz,1gpu
beaver_L3,/jic/archive/projects/watseq/ECS/pr-raw-watseq/WatSeq-modern_global_reads/data/modern_clean1/Beaver_9D38853RP3F335335PC_BH32JLDSXY_L3_335335.R1.fastp.fastq.gz,/jic/archive/projects/watseq/ECS/pr-raw-watseq/WatSeq-modern_global_reads/data/modern_clean1/Beaver_9D38853RP3F335335PC_BH32JLDSXY_L3_335335.R2.fastp.fastq.gz,1gpu
bounty_L2,/jic/archive/projects/watseq/ECS/pr-raw-watseq/WatSeq-modern_global_reads/data/modern_clean1/Bounty_9D38839RP3F324324PA_AH33CYDSXY_L2_324324.R1.fastp.fastq.gz,/jic/archive/projects/watseq/ECS/pr-raw-watseq/WatSeq-modern_global_reads/data/modern_clean1/Bounty_9D38839RP3F324324PA_AH33CYDSXY_L2_324324.R2.fastp.fastq.gz,1gpu
bounty_L4,/jic/archive/projects/watseq/ECS/pr-raw-watseq/WatSeq-modern_global_reads/data/modern_clean1/Bounty_9D38839RP3F366366PB_AH32TYDSXY_L4_366366.R1.fastp.fastq.gz,/jic/archive/projects/watseq/ECS/pr-raw-watseq/WatSeq-modern_global_reads/data/modern_clean1/Bounty_9D38839RP3F366366PB_AH32TYDSXY_L4_366366.R2.fastp.fastq.gz,1gpu
boxer_L01,/jic/archive/projects/watseq/My_Book_Duo/Boxer_DP8400011526TL_L01_555.R1.fastq.gz,/jic/archive/projects/watseq/My_Book_Duo/Boxer_DP8400011526TL_L01_555.R2.fastq.gz,1gpu
boxer_L01,/jic/archive/projects/watseq/My_Book_Duo/Boxer_DP8400011526TL_L01_556.R1.fastq.gz,/jic/archive/projects/watseq/My_Book_Duo/Boxer_DP8400011526TL_L01_556.R2.fastq.gz,1gpu
boxer_L01,/jic/archive/projects/watseq/My_Book_Duo/Boxer_DP8400011679BR_L01_555.R1.fastq.gz,/jic/archive/projects/watseq/My_Book_Duo/Boxer_DP8400011679BR_L01_555.R2.fastq.gz,1gpu
boxer_L01,/jic/archive/projects/watseq/My_Book_Duo/Boxer_DP8400011679BR_L01_556.R1.fastq.gz,/jic/archive/projects/watseq/My_Book_Duo/Boxer_DP8400011679BR_L01_556.R2.fastq.gz,1gpu
boxer_L01,/jic/archive/projects/watseq/My_Book_Duo/Boxer_FP200000081BL_L01_555.R1.fastq.gz,/jic/archive/projects/watseq/My_Book_Duo/Boxer_FP200000081BL_L01_555.R2.fastq.gz,1gpu
boxer_L01,/jic/archive/projects/watseq/My_Book_Duo/Boxer_FP200000081BL_L01_556.R1.fastq.gz,/jic/archive/projects/watseq/My_Book_Duo/Boxer_FP200000081BL_L01_556.R2.fastq.gz,1gpu
buster_L3,/jic/archive/projects/watseq/ECS/pr-raw-watseq/WatSeq-modern_global_reads/data/modern_clean1/Buster_9D38932RP3F322322PA_BH322JDSXY_L3_322322.R1.fastp.fastq.gz,/jic/archive/projects/watseq/ECS/pr-raw-watseq/WatSeq-modern_global_reads/data/modern_clean1/Buster_9D38932RP3F322322PA_BH322JDSXY_L3_322322.R2.fastp.fastq.gz,1gpu
buster_L1,/jic/archive/projects/watseq/ECS/pr-raw-watseq/WatSeq-modern_global_reads/data/modern_clean1/Buster_9D38932RP3F322322PB_BH32CVDSXY_L1_322322.R1.fastp.fastq.gz,/jic/archive/projects/watseq/ECS/pr-raw-watseq/WatSeq-modern_global_reads/data/modern_clean1/Buster_9D38932RP3F322322PB_BH32CVDSXY_L1_322322.R2.fastp.fastq.gz,1gpu
calif_L3,/jic/archive/projects/watseq/ECS/pr-raw-watseq/WatSeq-modern_global_reads/data/modern_clean1/Calif_9D38871RP3F342342PB_AH32CJDSXY_L3_342342.R1.fastp.fastq.gz,/jic/archive/projects/watseq/ECS/pr-raw-watseq/WatSeq-modern_global_reads/data/modern_clean1/Calif_9D38871RP3F342342PB_AH32CJDSXY_L3_342342.R2.fastp.fastq.gz,1gpu
calif_L2,/jic/archive/projects/watseq/ECS/pr-raw-watseq/WatSeq-modern_global_reads/data/modern_clean1/Calif_9D38871RP3F342342PB_BH32CVDSXY_L2_342342.R1.fastp.fastq.gz,/jic/archive/projects/watseq/ECS/pr-raw-watseq/WatSeq-modern_global_reads/data/modern_clean1/Calif_9D38871RP3F342342PB_BH32CVDSXY_L2_342342.R2.fastp.fastq.gz,1gpu
calif_L4,/jic/archive/projects/watseq/ECS/pr-raw-watseq/WatSeq-modern_global_reads/data/modern_clean1/Calif_9D38871RP3F342342PC_AH32CJDSXY_L4_342342.R1.fastp.fastq.gz,/jic/archive/projects/watseq/ECS/pr-raw-watseq/WatSeq-modern_global_reads/data/modern_clean1/Calif_9D38871RP3F342342PC_AH32CJDSXY_L4_342342.R2.fastp.fastq.gz,1gpu
calif_L3,/jic/archive/projects/watseq/ECS/pr-raw-watseq/WatSeq-modern_global_reads/data/modern_clean1/Calif_9D38871RP3F342342PC_BH32CVDSXY_L3_342342.R1.fastp.fastq.gz,/jic/archive/projects/watseq/ECS/pr-raw-watseq/WatSeq-modern_global_reads/data/modern_clean1/Calif_9D38871RP3F342342PC_BH32CVDSXY_L3_342342.R2.fastp.fastq.gz,1gpu
camp_remy_L4,/jic/archive/projects/watseq/ECS/pr-raw-watseq/WatSeq-modern_global_reads/data/modern_clean1/Camp-Remy_9D38854RP3F319319PA_BH322JDSXY_L4_319319.R1.fastp.fastq.gz,/jic/archive/projects/watseq/ECS/pr-raw-watseq/WatSeq-modern_global_reads/data/modern_clean1/Camp-Remy_9D38854RP3F319319PA_BH322JDSXY_L4_319319.R2.fastp.fastq.gz,1gpu
camp_remy_L1,/jic/archive/projects/watseq/ECS/pr-raw-watseq/WatSeq-modern_global_reads/data/modern_clean1/Camp-Remy_9D38854RP3F319319PB_AH33CYDSXY_L1_319319.R1.fastp.fastq.gz,/jic/archive/projects/watseq/ECS/pr-raw-watseq/WatSeq-modern_global_reads/data/modern_clean1/Camp-Remy_9D38854RP3F319319PB_AH33CYDSXY_L1_319319.R2.fastp.fastq.gz,1gpu
capitaine_L01,/jic/archive/projects/watseq/My_Book_Duo/Capitiane_DP8400011513TR_L01_569.R1.fastq.gz,/jic/archive/projects/watseq/My_Book_Duo/Capitiane_DP8400011513TR_L01_569.R2.fastq.gz,1gpu
capitaine_L01,/jic/archive/projects/watseq/My_Book_Duo/Capitiane_DP8400011513TR_L01_570.R1.fastq.gz,/jic/archive/projects/watseq/My_Book_Duo/Capitiane_DP8400011513TR_L01_570.R2.fastq.gz,1gpu
capo_L3,/jic/archive/projects/watseq/ECS/pr-raw-watseq/WatSeq-modern_global_reads/data/modern_clean1/Capo_9D38866RP3F312312PA_AH32CJDSXY_L3_312312.R1.fastp.fastq.gz,/jic/archive/projects/watseq/ECS/pr-raw-watseq/WatSeq-modern_global_reads/data/modern_clean1/Capo_9D38866RP3F312312PA_AH32CJDSXY_L3_312312.R2.fastp.fastq.gz,1gpu
capo_L1,/jic/archive/projects/watseq/ECS/pr-raw-watseq/WatSeq-modern_global_reads/data/modern_clean1/Capo_9D38866RP3F312312PA_AH33CYDSXY_L1_312312.R1.fastp.fastq.gz,/jic/archive/projects/watseq/ECS/pr-raw-watseq/WatSeq-modern_global_reads/data/modern_clean1/Capo_9D38866RP3F312312PA_AH33CYDSXY_L1_312312.R2.fastp.fastq.gz,1gpu
capo_L4,/jic/archive/projects/watseq/ECS/pr-raw-watseq/WatSeq-modern_global_reads/data/modern_clean1/Capo_9D38866RP3F312312PB_BH322JDSXY_L4_312312.R1.fastp.fastq.gz,/jic/archive/projects/watseq/ECS/pr-raw-watseq/WatSeq-modern_global_reads/data/modern_clean1/Capo_9D38866RP3F312312PB_BH322JDSXY_L4_312312.R2.fastp.fastq.gz,1gpu
cappelle_desprez_L3,/jic/archive/projects/watseq/ECS/pr-raw-watseq/WatSeq-modern_global_reads/data/modern_clean1/Cappelle-Desprez_9D38930RP3F302302PB_AH32CJDSXY_L3_302302.R1.fastp.fastq.gz,/jic/archive/projects/watseq/ECS/pr-raw-watseq/WatSeq-modern_global_reads/data/modern_clean1/Cappelle-Desprez_9D38930RP3F302302PB_AH32CJDSXY_L3_302302.R2.fastp.fastq.gz,1gpu
cappelle_desprez_L4,/jic/archive/projects/watseq/ECS/pr-raw-watseq/WatSeq-modern_global_reads/data/modern_clean1/Cappelle-Desprez_9D38930RP3F302302PB_AH33CYDSXY_L4_302302.R1.fastp.fastq.gz,/jic/archive/projects/watseq/ECS/pr-raw-watseq/WatSeq-modern_global_reads/data/modern_clean1/Cappelle-Desprez_9D38930RP3F302302PB_AH33CYDSXY_L4_302302.R2.fastp.fastq.gz,1gpu
cappelle_desprez_L4,/jic/archive/projects/watseq/ECS/pr-raw-watseq/WatSeq-modern_global_reads/data/modern_clean1/Cappelle-Desprez_9D38930RP3F302302PC_AH32CJDSXY_L4_302302.R1.fastp.fastq.gz,/jic/archive/projects/watseq/ECS/pr-raw-watseq/WatSeq-modern_global_reads/data/modern_clean1/Cappelle-Desprez_9D38930RP3F302302PC_AH32CJDSXY_L4_302302.R2.fastp.fastq.gz,1gpu
cappelle_desprez_L3,/jic/archive/projects/watseq/ECS/pr-raw-watseq/WatSeq-modern_global_reads/data/modern_clean1/Cappelle-Desprez_9D38930RP3F302302PC_AH33CYDSXY_L3_302302.R1.fastp.fastq.gz,/jic/archive/projects/watseq/ECS/pr-raw-watseq/WatSeq-modern_global_reads/data/modern_clean1/Cappelle-Desprez_9D38930RP3F302302PC_AH33CYDSXY_L3_302302.R2.fastp.fastq.gz,1gpu
captor_L2,/jic/archive/projects/watseq/ECS/pr-raw-watseq/WatSeq-modern_global_reads/data/modern_clean1/captor_9D38889RP3F361361PB_BH2WHTDSXY_L2_361361.R1.fastp.fastq.gz,/jic/archive/projects/watseq/ECS/pr-raw-watseq/WatSeq-modern_global_reads/data/modern_clean1/captor_9D38889RP3F361361PB_BH2WHTDSXY_L2_361361.R2.fastp.fastq.gz,1gpu
captor_L3,/jic/archive/projects/watseq/ECS/pr-raw-watseq/WatSeq-modern_global_reads/data/modern_clean1/captor_9D38889RP3F361361PB_BH2WHTDSXY_L3_361361.R1.fastp.fastq.gz,/jic/archive/projects/watseq/ECS/pr-raw-watseq/WatSeq-modern_global_reads/data/modern_clean1/captor_9D38889RP3F361361PB_BH2WHTDSXY_L3_361361.R2.fastp.fastq.gz,1gpu
captor_L4,/jic/archive/projects/watseq/ECS/pr-raw-watseq/WatSeq-modern_global_reads/data/modern_clean1/captor_9D38889RP3F361361PC_BH2WHTDSXY_L4_361361.R1.fastp.fastq.gz,/jic/archive/projects/watseq/ECS/pr-raw-watseq/WatSeq-modern_global_reads/data/modern_clean1/captor_9D38889RP3F361361PC_BH2WHTDSXY_L4_361361.R2.fastp.fastq.gz,1gpu
captor_L1,/jic/archive/projects/watseq/ECS/pr-raw-watseq/WatSeq-modern_global_reads/data/modern_clean1/captor_9D38889RP3F361361PC_BH32CVDSXY_L1_361361.R1.fastp.fastq.gz,/jic/archive/projects/watseq/ECS/pr-raw-watseq/WatSeq-modern_global_reads/data/modern_clean1/captor_9D38889RP3F361361PC_BH32CVDSXY_L1_361361.R2.fastp.fastq.gz,1gpu
catamaran_L01,/jic/archive/projects/watseq/My_Book_Duo/Catamaran_FP100001131BL_L01_529.R1.fastq.gz,/jic/archive/projects/watseq/My_Book_Duo/Catamaran_FP100001131BL_L01_529.R2.fastq.gz,1gpu
catamaran_L01,/jic/archive/projects/watseq/My_Book_Duo/Catamaran_FP100001131BL_L01_530.R1.fastq.gz,/jic/archive/projects/watseq/My_Book_Duo/Catamaran_FP100001131BL_L01_530.R2.fastq.gz,1gpu
cezanne_L3,/jic/archive/projects/watseq/ECS/pr-raw-watseq/WatSeq-modern_global_reads/data/modern_clean1/Cezanne_9D38859RP3F337337PB_AH32CJDSXY_L3_337337.R1.fastp.fastq.gz,/jic/archive/projects/watseq/ECS/pr-raw-watseq/WatSeq-modern_global_reads/data/modern_clean1/Cezanne_9D38859RP3F337337PB_AH32CJDSXY_L3_337337.R2.fastp.fastq.gz,1gpu
cezanne_L2,/jic/archive/projects/watseq/ECS/pr-raw-watseq/WatSeq-modern_global_reads/data/modern_clean1/Cezanne_9D38859RP3F337337PB_BH32CVDSXY_L2_337337.R1.fastp.fastq.gz,/jic/archive/projects/watseq/ECS/pr-raw-watseq/WatSeq-modern_global_reads/data/modern_clean1/Cezanne_9D38859RP3F337337PB_BH32CVDSXY_L2_337337.R2.fastp.fastq.gz,1gpu
cezanne_L4,/jic/archive/projects/watseq/ECS/pr-raw-watseq/WatSeq-modern_global_reads/data/modern_clean1/Cezanne_9D38859RP3F337337PC_AH32CJDSXY_L4_337337.R1.fastp.fastq.gz,/jic/archive/projects/watseq/ECS/pr-raw-watseq/WatSeq-modern_global_reads/data/modern_clean1/Cezanne_9D38859RP3F337337PC_AH32CJDSXY_L4_337337.R2.fastp.fastq.gz,1gpu
cezanne_L3,/jic/archive/projects/watseq/ECS/pr-raw-watseq/WatSeq-modern_global_reads/data/modern_clean1/Cezanne_9D38859RP3F337337PC_BH32CVDSXY_L3_337337.R1.fastp.fastq.gz,/jic/archive/projects/watseq/ECS/pr-raw-watseq/WatSeq-modern_global_reads/data/modern_clean1/Cezanne_9D38859RP3F337337PC_BH32CVDSXY_L3_337337.R2.fastp.fastq.gz,1gpu
cezanne_L3,/jic/archive/projects/watseq/My_Book_Duo/Cezanne_AH32CJDSXY_L3_337337.R1.fastq.gz,/jic/archive/projects/watseq/My_Book_Duo/Cezanne_AH32CJDSXY_L3_337337.R2.fastq.gz,1gpu
cezanne_L4,/jic/archive/projects/watseq/My_Book_Duo/Cezanne_AH32CJDSXY_L4_337337.R1.fastq.gz,/jic/archive/projects/watseq/My_Book_Duo/Cezanne_AH32CJDSXY_L4_337337.R2.fastq.gz,1gpu
cezanne_L2,/jic/archive/projects/watseq/My_Book_Duo/Cezanne_BH32CVDSXY_L2_337337.R1.fastq.gz,/jic/archive/projects/watseq/My_Book_Duo/Cezanne_BH32CVDSXY_L2_337337.R2.fastq.gz,1gpu
cezanne_L3,/jic/archive/projects/watseq/My_Book_Duo/Cezanne_BH32CVDSXY_L3_337337.R1.fastq.gz,/jic/archive/projects/watseq/My_Book_Duo/Cezanne_BH32CVDSXY_L3_337337.R2.fastq.gz,1gpu
charger_L2,/jic/archive/projects/watseq/ECS/pr-raw-watseq/WatSeq-modern_global_reads/data/modern_clean1/Charger_9D38923RP3F389389PA_AH33CYDSXY_L2_389389.R1.fastp.fastq.gz,/jic/archive/projects/watseq/ECS/pr-raw-watseq/WatSeq-modern_global_reads/data/modern_clean1/Charger_9D38923RP3F389389PA_AH33CYDSXY_L2_389389.R2.fastp.fastq.gz,1gpu
charger_L4,/jic/archive/projects/watseq/ECS/pr-raw-watseq/WatSeq-modern_global_reads/data/modern_clean1/Charger_9D38923RP3F389389PA_AH33CYDSXY_L4_389389.R1.fastp.fastq.gz,/jic/archive/projects/watseq/ECS/pr-raw-watseq/WatSeq-modern_global_reads/data/modern_clean1/Charger_9D38923RP3F389389PA_AH33CYDSXY_L4_389389.R2.fastp.fastq.gz,1gpu
charger_L4,/jic/archive/projects/watseq/ECS/pr-raw-watseq/WatSeq-modern_global_reads/data/modern_clean1/Charger_9D38923RP3F389389PB_BH2WHTDSXY_L4_389389.R1.fastp.fastq.gz,/jic/archive/projects/watseq/ECS/pr-raw-watseq/WatSeq-modern_global_reads/data/modern_clean1/Charger_9D38923RP3F389389PB_BH2WHTDSXY_L4_389389.R2.fastp.fastq.gz,1gpu
claire_L01,/jic/archive/projects/watseq/My_Book_Duo/Claire_DP8400011375TR_L01_523.R1.fastq.gz,/jic/archive/projects/watseq/My_Book_Duo/Claire_DP8400011375TR_L01_523.R2.fastq.gz,1gpu
claire_L01,/jic/archive/projects/watseq/My_Book_Duo/Claire_DP8400011375TR_L01_524.R1.fastq.gz,/jic/archive/projects/watseq/My_Book_Duo/Claire_DP8400011375TR_L01_524.R2.fastq.gz,1gpu
consort_L01,/jic/archive/projects/watseq/My_Book_Duo/Consort_DP8400011547BL_L01_559.R1.fastq.gz,/jic/archive/projects/watseq/My_Book_Duo/Consort_DP8400011547BL_L01_559.R2.fastq.gz,1gpu
consort_L01,/jic/archive/projects/watseq/My_Book_Duo/Consort_DP8400011547BL_L01_560.R1.fastq.gz,/jic/archive/projects/watseq/My_Book_Duo/Consort_DP8400011547BL_L01_560.R2.fastq.gz,1gpu
courtot_L4,/jic/archive/projects/watseq/ECS/pr-raw-watseq/WatSeq-modern_global_reads/data/modern_clean1/Courtot_9D38841RP3F329329PC_AH32TYDSXY_L4_329329.R1.fastp.fastq.gz,/jic/archive/projects/watseq/ECS/pr-raw-watseq/WatSeq-modern_global_reads/data/modern_clean1/Courtot_9D38841RP3F329329PC_AH32TYDSXY_L4_329329.R2.fastp.fastq.gz,1gpu
courtot_L2,/jic/archive/projects/watseq/ECS/pr-raw-watseq/WatSeq-modern_global_reads/data/modern_clean1/Courtot_9D38841RP3F371371PB_AH2WKGDSXY_L2_371371.R1.fastp.fastq.gz,/jic/archive/projects/watseq/ECS/pr-raw-watseq/WatSeq-modern_global_reads/data/modern_clean1/Courtot_9D38841RP3F371371PB_AH2WKGDSXY_L2_371371.R2.fastp.fastq.gz,1gpu
crest_L01,/jic/archive/projects/watseq/My_Book_Duo/Crest_DP8400011657BL_L01_547.R1.fastq.gz,/jic/archive/projects/watseq/My_Book_Duo/Crest_DP8400011657BL_L01_547.R2.fastq.gz,1gpu
crest_L01,/jic/archive/projects/watseq/My_Book_Duo/Crest_DP8400011657BL_L01_548.R1.fastq.gz,/jic/archive/projects/watseq/My_Book_Duo/Crest_DP8400011657BL_L01_548.R2.fastq.gz,1gpu
crest_L01,/jic/archive/projects/watseq/My_Book_Duo/Crest_FP200000081BL_L01_583.R1.fastq.gz,/jic/archive/projects/watseq/My_Book_Duo/Crest_FP200000081BL_L01_583.R2.fastq.gz,1gpu
crusoe_L4,/jic/archive/projects/watseq/ECS/pr-raw-watseq/WatSeq-modern_global_reads/data/modern_clean1/Crusoe_9D38903RP3F374374PB_AH32H3DSXY_L4_374374.R1.fastp.fastq.gz,/jic/archive/projects/watseq/ECS/pr-raw-watseq/WatSeq-modern_global_reads/data/modern_clean1/Crusoe_9D38903RP3F374374PB_AH32H3DSXY_L4_374374.R2.fastp.fastq.gz,1gpu
crusoe_L3,/jic/archive/projects/watseq/ECS/pr-raw-watseq/WatSeq-modern_global_reads/data/modern_clean1/Crusoe_9D38903RP3F374374PC_AH32CJDSXY_L3_374374.R1.fastp.fastq.gz,/jic/archive/projects/watseq/ECS/pr-raw-watseq/WatSeq-modern_global_reads/data/modern_clean1/Crusoe_9D38903RP3F374374PC_AH32CJDSXY_L3_374374.R2.fastp.fastq.gz,1gpu
crusoe_L1,/jic/archive/projects/watseq/ECS/pr-raw-watseq/WatSeq-modern_global_reads/data/modern_clean1/Crusoe_9D38903RP3F374374PC_BH2WHTDSXY_L1_374374.R1.fastp.fastq.gz,/jic/archive/projects/watseq/ECS/pr-raw-watseq/WatSeq-modern_global_reads/data/modern_clean1/Crusoe_9D38903RP3F374374PC_BH2WHTDSXY_L1_374374.R2.fastp.fastq.gz,1gpu
david_L01,/jic/archive/projects/watseq/My_Book_Duo/david_DP8400011657BL_L01_543.R1.fastq.gz,/jic/archive/projects/watseq/My_Book_Duo/david_DP8400011657BL_L01_543.R2.fastq.gz,1gpu
david_L01,/jic/archive/projects/watseq/My_Book_Duo/david_DP8400011657BL_L01_544.R1.fastq.gz,/jic/archive/projects/watseq/My_Book_Duo/david_DP8400011657BL_L01_544.R2.fastq.gz,1gpu
diablo_L01,/jic/archive/projects/watseq/My_Book_Duo/Diablo_DP8400011547BL_L01_563.R1.fastq.gz,/jic/archive/projects/watseq/My_Book_Duo/Diablo_DP8400011547BL_L01_563.R2.fastq.gz,1gpu
diablo_L01,/jic/archive/projects/watseq/My_Book_Duo/Diablo_DP8400011547BL_L01_564.R1.fastq.gz,/jic/archive/projects/watseq/My_Book_Duo/Diablo_DP8400011547BL_L01_564.R2.fastq.gz,1gpu
diplomat_L1,/jic/archive/projects/watseq/ECS/pr-raw-watseq/WatSeq-modern_global_reads/data/modern_clean1/Diplomat_9D38829RP3F320320PA_AH2YKCDSXY_L1_320320.R1.fastp.fastq.gz,/jic/archive/projects/watseq/ECS/pr-raw-watseq/WatSeq-modern_global_reads/data/modern_clean1/Diplomat_9D38829RP3F320320PA_AH2YKCDSXY_L1_320320.R2.fastp.fastq.gz,1gpu
diplomat_L4,/jic/archive/projects/watseq/ECS/pr-raw-watseq/WatSeq-modern_global_reads/data/modern_clean1/Diplomat_9D38829RP3F320320PA_AH32FKDSXY_L4_320320.R1.fastp.fastq.gz,/jic/archive/projects/watseq/ECS/pr-raw-watseq/WatSeq-modern_global_reads/data/modern_clean1/Diplomat_9D38829RP3F320320PA_AH32FKDSXY_L4_320320.R2.fastp.fastq.gz,1gpu
diplomat_L1,/jic/archive/projects/watseq/ECS/pr-raw-watseq/WatSeq-modern_global_reads/data/modern_clean1/Diplomat_9D38829RP3F361361PB_AH2YKCDSXY_L1_361361.R1.fastp.fastq.gz,/jic/archive/projects/watseq/ECS/pr-raw-watseq/WatSeq-modern_global_reads/data/modern_clean1/Diplomat_9D38829RP3F361361PB_AH2YKCDSXY_L1_361361.R2.fastp.fastq.gz,1gpu
disponent_L01,/jic/archive/projects/watseq/My_Book_Duo/Disponent_DP8400011550BR_L01_595.R1.fastq.gz,/jic/archive/projects/watseq/My_Book_Duo/Disponent_DP8400011550BR_L01_595.R2.fastq.gz,1gpu
disponent_L01,/jic/archive/projects/watseq/My_Book_Duo/Disponent_DP8400011550BR_L01_596.R1.fastq.gz,/jic/archive/projects/watseq/My_Book_Duo/Disponent_DP8400011550BR_L01_596.R2.fastq.gz,1gpu
dorby_L01,/jic/archive/projects/watseq/My_Book_Duo/Dorby_FP100001131BL_L01_531.R1.fastq.gz,/jic/archive/projects/watseq/My_Book_Duo/Dorby_FP100001131BL_L01_531.R2.fastq.gz,1gpu
dorby_L01,/jic/archive/projects/watseq/My_Book_Duo/Dorby_FP100001131BL_L01_532.R1.fastq.gz,/jic/archive/projects/watseq/My_Book_Duo/Dorby_FP100001131BL_L01_532.R2.fastq.gz,1gpu
drake_L01,/jic/archive/projects/watseq/My_Book_Duo/Drake_DP8400011526TL_L01_557.R1.fastq.gz,/jic/archive/projects/watseq/My_Book_Duo/Drake_DP8400011526TL_L01_557.R2.fastq.gz,1gpu
drake_L01,/jic/archive/projects/watseq/My_Book_Duo/Drake_DP8400011526TL_L01_558.R1.fastq.gz,/jic/archive/projects/watseq/My_Book_Duo/Drake_DP8400011526TL_L01_558.R2.fastq.gz,1gpu
drake_L01,/jic/archive/projects/watseq/My_Book_Duo/Drake_DP8400011698BL_L01_557.R1.fastq.gz,/jic/archive/projects/watseq/My_Book_Duo/Drake_DP8400011698BL_L01_557.R2.fastq.gz,1gpu
drake_L01,/jic/archive/projects/watseq/My_Book_Duo/Drake_DP8400011698BL_L01_558.R1.fastq.gz,/jic/archive/projects/watseq/My_Book_Duo/Drake_DP8400011698BL_L01_558.R2.fastq.gz,1gpu
drake_L01,/jic/archive/projects/watseq/My_Book_Duo/Drake_FP200000081BL_L01_557.R1.fastq.gz,/jic/archive/projects/watseq/My_Book_Duo/Drake_FP200000081BL_L01_557.R2.fastq.gz,1gpu
drake_L01,/jic/archive/projects/watseq/My_Book_Duo/Drake_FP200000081BL_L01_558.R1.fastq.gz,/jic/archive/projects/watseq/My_Book_Duo/Drake_FP200000081BL_L01_558.R2.fastq.gz,1gpu
drauhofener_kolben_L01,/jic/archive/projects/watseq/My_Book_Duo/Drauhofener_Kolben_DP8400011375TR_L01_525.R1.fastq.gz,/jic/archive/projects/watseq/My_Book_Duo/Drauhofener_Kolben_DP8400011375TR_L01_525.R2.fastq.gz,1gpu
drauhofener_kolben_L01,/jic/archive/projects/watseq/My_Book_Duo/Drauhofener_Kolben_DP8400011375TR_L01_526.R1.fastq.gz,/jic/archive/projects/watseq/My_Book_Duo/Drauhofener_Kolben_DP8400011375TR_L01_526.R2.fastq.gz,1gpu
druid_L01,/jic/archive/projects/watseq/My_Book_Duo/Druid_DP8400011528TL_L01_563.R1.fastq.gz,/jic/archive/projects/watseq/My_Book_Duo/Druid_DP8400011528TL_L01_563.R2.fastq.gz,1gpu
druid_L01,/jic/archive/projects/watseq/My_Book_Duo/Druid_DP8400011528TL_L01_564.R1.fastq.gz,/jic/archive/projects/watseq/My_Book_Duo/Druid_DP8400011528TL_L01_564.R2.fastq.gz,1gpu
eagle_L01,/jic/archive/projects/watseq/My_Book_Duo/eagle_FP100001184BR_L01_515.R1.fastq.gz,/jic/archive/projects/watseq/My_Book_Duo/eagle_FP100001184BR_L01_515.R2.fastq.gz,1gpu
eagle_L01,/jic/archive/projects/watseq/My_Book_Duo/eagle_FP100001184BR_L01_516.R1.fastq.gz,/jic/archive/projects/watseq/My_Book_Duo/eagle_FP100001184BR_L01_516.R2.fastq.gz,1gpu
encore_L01,/jic/archive/projects/watseq/My_Book_Duo/Encore_DP8400011550BR_L01_537.R1.fastq.gz,/jic/archive/projects/watseq/My_Book_Duo/Encore_DP8400011550BR_L01_537.R2.fastq.gz,1gpu
encore_L01,/jic/archive/projects/watseq/My_Book_Duo/Encore_DP8400011550BR_L01_538.R1.fastq.gz,/jic/archive/projects/watseq/My_Book_Duo/Encore_DP8400011550BR_L01_538.R2.fastq.gz,1gpu
equinox_L3,/jic/archive/projects/watseq/ECS/pr-raw-watseq/WatSeq-modern_global_reads/data/modern_clean1/Equinox_9D38888RP3F360360PB_AH32CJDSXY_L3_360360.R1.fastp.fastq.gz,/jic/archive/projects/watseq/ECS/pr-raw-watseq/WatSeq-modern_global_reads/data/modern_clean1/Equinox_9D38888RP3F360360PB_AH32CJDSXY_L3_360360.R2.fastp.fastq.gz,1gpu
equinox_L2,/jic/archive/projects/watseq/ECS/pr-raw-watseq/WatSeq-modern_global_reads/data/modern_clean1/Equinox_9D38888RP3F360360PB_BH2WHTDSXY_L2_360360.R1.fastp.fastq.gz,/jic/archive/projects/watseq/ECS/pr-raw-watseq/WatSeq-modern_global_reads/data/modern_clean1/Equinox_9D38888RP3F360360PB_BH2WHTDSXY_L2_360360.R2.fastp.fastq.gz,1gpu
equinox_L4,/jic/archive/projects/watseq/ECS/pr-raw-watseq/WatSeq-modern_global_reads/data/modern_clean1/Equinox_9D38888RP3F360360PC_AH32CJDSXY_L4_360360.R1.fastp.fastq.gz,/jic/archive/projects/watseq/ECS/pr-raw-watseq/WatSeq-modern_global_reads/data/modern_clean1/Equinox_9D38888RP3F360360PC_AH32CJDSXY_L4_360360.R2.fastp.fastq.gz,1gpu
equinox_L3,/jic/archive/projects/watseq/ECS/pr-raw-watseq/WatSeq-modern_global_reads/data/modern_clean1/Equinox_9D38888RP3F360360PC_BH2WHTDSXY_L3_360360.R1.fastp.fastq.gz,/jic/archive/projects/watseq/ECS/pr-raw-watseq/WatSeq-modern_global_reads/data/modern_clean1/Equinox_9D38888RP3F360360PC_BH2WHTDSXY_L3_360360.R2.fastp.fastq.gz,1gpu
ergo_L01,/jic/archive/projects/watseq/My_Book_Duo/Ergo_DP8400011681BR_L01_505.R1.fastq.gz,/jic/archive/projects/watseq/My_Book_Duo/Ergo_DP8400011681BR_L01_505.R2.fastq.gz,1gpu
ergo_L01,/jic/archive/projects/watseq/My_Book_Duo/Ergo_DP8400011681BR_L01_506.R1.fastq.gz,/jic/archive/projects/watseq/My_Book_Duo/Ergo_DP8400011681BR_L01_506.R2.fastq.gz,1gpu
erla_kolben_L3,/jic/archive/projects/watseq/ECS/pr-raw-watseq/WatSeq-modern_global_reads/data/modern_clean1/Erla-Kolben_9D38874RP3F345345PB_AH32CJDSXY_L3_345345.R1.fastp.fastq.gz,/jic/archive/projects/watseq/ECS/pr-raw-watseq/WatSeq-modern_global_reads/data/modern_clean1/Erla-Kolben_9D38874RP3F345345PB_AH32CJDSXY_L3_345345.R2.fastp.fastq.gz,1gpu
erla_kolben_L3,/jic/archive/projects/watseq/ECS/pr-raw-watseq/WatSeq-modern_global_reads/data/modern_clean1/Erla-Kolben_9D38874RP3F345345PB_BH32CVDSXY_L3_345345.R1.fastp.fastq.gz,/jic/archive/projects/watseq/ECS/pr-raw-watseq/WatSeq-modern_global_reads/data/modern_clean1/Erla-Kolben_9D38874RP3F345345PB_BH32CVDSXY_L3_345345.R2.fastp.fastq.gz,1gpu
erla_kolben_L2,/jic/archive/projects/watseq/ECS/pr-raw-watseq/WatSeq-modern_global_reads/data/modern_clean1/Erla-Kolben_9D38874RP3F345345PC_BH32CVDSXY_L2_345345.R1.fastp.fastq.gz,/jic/archive/projects/watseq/ECS/pr-raw-watseq/WatSeq-modern_global_reads/data/modern_clean1/Erla-Kolben_9D38874RP3F345345PC_BH32CVDSXY_L2_345345.R2.fastp.fastq.gz,1gpu
erland_L01,/jic/archive/projects/watseq/My_Book_Duo/Erland_FP100001184BR_L01_521.R1.fastq.gz,/jic/archive/projects/watseq/My_Book_Duo/Erland_FP100001184BR_L01_521.R2.fastq.gz,1gpu
erland_L01,/jic/archive/projects/watseq/My_Book_Duo/Erland_FP100001184BR_L01_522.R1.fastq.gz,/jic/archive/projects/watseq/My_Book_Duo/Erland_FP100001184BR_L01_522.R2.fastq.gz,1gpu
eros_L1,/jic/archive/projects/watseq/ECS/pr-raw-watseq/WatSeq-modern_global_reads/data/modern_clean1/Eros_9D38882RP3F352352PB_AH32H3DSXY_L1_352352.R1.fastp.fastq.gz,/jic/archive/projects/watseq/ECS/pr-raw-watseq/WatSeq-modern_global_reads/data/modern_clean1/Eros_9D38882RP3F352352PB_AH32H3DSXY_L1_352352.R2.fastp.fastq.gz,1gpu
eros_L3,/jic/archive/projects/watseq/ECS/pr-raw-watseq/WatSeq-modern_global_reads/data/modern_clean1/Eros_9D38882RP3F352352PC_AH32CJDSXY_L3_352352.R1.fastp.fastq.gz,/jic/archive/projects/watseq/ECS/pr-raw-watseq/WatSeq-modern_global_reads/data/modern_clean1/Eros_9D38882RP3F352352PC_AH32CJDSXY_L3_352352.R2.fastp.fastq.gz,1gpu
eros_L4,/jic/archive/projects/watseq/ECS/pr-raw-watseq/WatSeq-modern_global_reads/data/modern_clean1/Eros_9D38882RP3F352352PC_BH32CVDSXY_L4_352352.R1.fastp.fastq.gz,/jic/archive/projects/watseq/ECS/pr-raw-watseq/WatSeq-modern_global_reads/data/modern_clean1/Eros_9D38882RP3F352352PC_BH32CVDSXY_L4_352352.R2.fastp.fastq.gz,1gpu
expert_L01,/jic/archive/projects/watseq/My_Book_Duo/Expert_DP8400011375TR_L01_519.R1.fastq.gz,/jic/archive/projects/watseq/My_Book_Duo/Expert_DP8400011375TR_L01_519.R2.fastq.gz,1gpu
expert_L01,/jic/archive/projects/watseq/My_Book_Duo/Expert_DP8400011375TR_L01_520.R1.fastq.gz,/jic/archive/projects/watseq/My_Book_Duo/Expert_DP8400011375TR_L01_520.R2.fastq.gz,1gpu
extrem_L4,/jic/archive/projects/watseq/ECS/pr-raw-watseq/WatSeq-modern_global_reads/data/modern_clean1/Extrem_9D38875RP3F329329PB_BH322JDSXY_L4_329329.R1.fastp.fastq.gz,/jic/archive/projects/watseq/ECS/pr-raw-watseq/WatSeq-modern_global_reads/data/modern_clean1/Extrem_9D38875RP3F329329PB_BH322JDSXY_L4_329329.R2.fastp.fastq.gz,1gpu
extrem_L3,/jic/archive/projects/watseq/ECS/pr-raw-watseq/WatSeq-modern_global_reads/data/modern_clean1/Extrem_9D38875RP3F329329PC_AH32CJDSXY_L3_329329.R1.fastp.fastq.gz,/jic/archive/projects/watseq/ECS/pr-raw-watseq/WatSeq-modern_global_reads/data/modern_clean1/Extrem_9D38875RP3F329329PC_AH32CJDSXY_L3_329329.R2.fastp.fastq.gz,1gpu
extrem_L2,/jic/archive/projects/watseq/ECS/pr-raw-watseq/WatSeq-modern_global_reads/data/modern_clean1/Extrem_9D38875RP3F329329PC_AH33CYDSXY_L2_329329.R1.fastp.fastq.gz,/jic/archive/projects/watseq/ECS/pr-raw-watseq/WatSeq-modern_global_reads/data/modern_clean1/Extrem_9D38875RP3F329329PC_AH33CYDSXY_L2_329329.R2.fastp.fastq.gz,1gpu
fanal_L4,/jic/archive/projects/watseq/ECS/pr-raw-watseq/WatSeq-modern_global_reads/data/modern_clean1/Fanal_9D38883RP3F353353PA_BH32CVDSXY_L4_353353.R1.fastp.fastq.gz,/jic/archive/projects/watseq/ECS/pr-raw-watseq/WatSeq-modern_global_reads/data/modern_clean1/Fanal_9D38883RP3F353353PA_BH32CVDSXY_L4_353353.R2.fastp.fastq.gz,1gpu
fanal_L1,/jic/archive/projects/watseq/ECS/pr-raw-watseq/WatSeq-modern_global_reads/data/modern_clean1/Fanal_9D38883RP3F353353PB_AH32H3DSXY_L1_353353.R1.fastp.fastq.gz,/jic/archive/projects/watseq/ECS/pr-raw-watseq/WatSeq-modern_global_reads/data/modern_clean1/Fanal_9D38883RP3F353353PB_AH32H3DSXY_L1_353353.R2.fastp.fastq.gz,1gpu
felix_L01,/jic/archive/projects/watseq/My_Book_Duo/Felix_FP100001187BR_L01_515.R1.fastq.gz,/jic/archive/projects/watseq/My_Book_Duo/Felix_FP100001187BR_L01_515.R2.fastq.gz,1gpu
felix_L01,/jic/archive/projects/watseq/My_Book_Duo/Felix_FP100001187BR_L01_516.R1.fastq.gz,/jic/archive/projects/watseq/My_Book_Duo/Felix_FP100001187BR_L01_516.R2.fastq.gz,1gpu
festival_L01,/jic/archive/projects/watseq/My_Book_Duo/festival_FP100001188BR_L01_507.R1.fastq.gz,/jic/archive/projects/watseq/My_Book_Duo/festival_FP100001188BR_L01_507.R2.fastq.gz,1gpu
festival_L01,/jic/archive/projects/watseq/My_Book_Duo/festival_FP100001188BR_L01_508.R1.fastq.gz,/jic/archive/projects/watseq/My_Book_Duo/festival_FP100001188BR_L01_508.R2.fastq.gz,1gpu
fidel_L01,/jic/archive/projects/watseq/My_Book_Duo/fidel_DP8400011718TR_L01_555.R1.fastq.gz,/jic/archive/projects/watseq/My_Book_Duo/fidel_DP8400011718TR_L01_555.R2.fastq.gz,1gpu
fidel_L01,/jic/archive/projects/watseq/My_Book_Duo/fidel_DP8400011718TR_L01_556.R1.fastq.gz,/jic/archive/projects/watseq/My_Book_Duo/fidel_DP8400011718TR_L01_556.R2.fastq.gz,1gpu
fielder_L01,/jic/archive/projects/watseq/My_Book_Duo/fielder_DP8400011549BR_L01_545.R1.fastq.gz,/jic/archive/projects/watseq/My_Book_Duo/fielder_DP8400011549BR_L01_545.R2.fastq.gz,1gpu
fielder_L01,/jic/archive/projects/watseq/My_Book_Duo/fielder_DP8400011549BR_L01_546.R1.fastq.gz,/jic/archive/projects/watseq/My_Book_Duo/fielder_DP8400011549BR_L01_546.R2.fastq.gz,1gpu
fielder_L01,/jic/archive/projects/watseq/My_Book_Duo/fielder_DP8400011657BL_L01_545.R1.fastq.gz,/jic/archive/projects/watseq/My_Book_Duo/fielder_DP8400011657BL_L01_545.R2.fastq.gz,1gpu
fielder_L01,/jic/archive/projects/watseq/My_Book_Duo/fielder_DP8400011657BL_L01_546.R1.fastq.gz,/jic/archive/projects/watseq/My_Book_Duo/fielder_DP8400011657BL_L01_546.R2.fastq.gz,1gpu
flair_L4,/jic/archive/projects/watseq/ECS/pr-raw-watseq/WatSeq-modern_global_reads/data/modern_clean1/Flair_9D38877RP3F317317PB_BH322JDSXY_L4_317317.R1.fastp.fastq.gz,/jic/archive/projects/watseq/ECS/pr-raw-watseq/WatSeq-modern_global_reads/data/modern_clean1/Flair_9D38877RP3F317317PB_BH322JDSXY_L4_317317.R2.fastp.fastq.gz,1gpu
flair_L1,/jic/archive/projects/watseq/ECS/pr-raw-watseq/WatSeq-modern_global_reads/data/modern_clean1/Flair_9D38877RP3F317317PC_AH33CYDSXY_L1_317317.R1.fastp.fastq.gz,/jic/archive/projects/watseq/ECS/pr-raw-watseq/WatSeq-modern_global_reads/data/modern_clean1/Flair_9D38877RP3F317317PC_AH33CYDSXY_L1_317317.R2.fastp.fastq.gz,1gpu
flame_L1,/jic/archive/projects/watseq/ECS/pr-raw-watseq/WatSeq-modern_global_reads/data/modern_clean1/Flame_9D38856RP3F304304PA_BH322JDSXY_L1_304304.R1.fastp.fastq.gz,/jic/archive/projects/watseq/ECS/pr-raw-watseq/WatSeq-modern_global_reads/data/modern_clean1/Flame_9D38856RP3F304304PA_BH322JDSXY_L1_304304.R2.fastp.fastq.gz,1gpu
flame_L1,/jic/archive/projects/watseq/ECS/pr-raw-watseq/WatSeq-modern_global_reads/data/modern_clean1/Flame_9D38856RP3F304304PB_AH33CYDSXY_L1_304304.R1.fastp.fastq.gz,/jic/archive/projects/watseq/ECS/pr-raw-watseq/WatSeq-modern_global_reads/data/modern_clean1/Flame_9D38856RP3F304304PB_AH33CYDSXY_L1_304304.R2.fastp.fastq.gz,1gpu
flamingo_L1,/jic/archive/projects/watseq/ECS/pr-raw-watseq/WatSeq-modern_global_reads/data/modern_clean1/Flamingo_9D38816RP3F308308PA_BH32KHDSXY_L1_308308.R1.fastp.fastq.gz,/jic/archive/projects/watseq/ECS/pr-raw-watseq/WatSeq-modern_global_reads/data/modern_clean1/Flamingo_9D38816RP3F308308PA_BH32KHDSXY_L1_308308.R2.fastp.fastq.gz,1gpu
flamingo_L2,/jic/archive/projects/watseq/ECS/pr-raw-watseq/WatSeq-modern_global_reads/data/modern_clean1/Flamingo_9D38816RP3F308308PA_BHYV5TDSXX_L2_308308.R1.fastp.fastq.gz,/jic/archive/projects/watseq/ECS/pr-raw-watseq/WatSeq-modern_global_reads/data/modern_clean1/Flamingo_9D38816RP3F308308PA_BHYV5TDSXX_L2_308308.R2.fastp.fastq.gz,1gpu
flamingo_L2,/jic/archive/projects/watseq/ECS/pr-raw-watseq/WatSeq-modern_global_reads/data/modern_clean1/Flamingo_9D38816RP3F351351PB_BHYV5TDSXX_L2_351351.R1.fastp.fastq.gz,/jic/archive/projects/watseq/ECS/pr-raw-watseq/WatSeq-modern_global_reads/data/modern_clean1/Flamingo_9D38816RP3F351351PB_BHYV5TDSXX_L2_351351.R2.fastp.fastq.gz,1gpu
florida_L3,/jic/archive/projects/watseq/ECS/pr-raw-watseq/WatSeq-modern_global_reads/data/modern_clean1/Florida_9D38852RP3F314314PB_AH33CYDSXY_L3_314314.R1.fastp.fastq.gz,/jic/archive/projects/watseq/ECS/pr-raw-watseq/WatSeq-modern_global_reads/data/modern_clean1/Florida_9D38852RP3F314314PB_AH33CYDSXY_L3_314314.R2.fastp.fastq.gz,1gpu
florida_L3,/jic/archive/projects/watseq/ECS/pr-raw-watseq/WatSeq-modern_global_reads/data/modern_clean1/Florida_9D38852RP3F314314PC_BH322JDSXY_L3_314314.R1.fastp.fastq.gz,/jic/archive/projects/watseq/ECS/pr-raw-watseq/WatSeq-modern_global_reads/data/modern_clean1/Florida_9D38852RP3F314314PC_BH322JDSXY_L3_314314.R2.fastp.fastq.gz,1gpu
gabo_L4,/jic/archive/projects/watseq/ECS/pr-raw-watseq/WatSeq-modern_global_reads/data/modern_clean1/Gabo_9D38900RP3F371371PB_AH32H3DSXY_L4_371371.R1.fastp.fastq.gz,/jic/archive/projects/watseq/ECS/pr-raw-watseq/WatSeq-modern_global_reads/data/modern_clean1/Gabo_9D38900RP3F371371PB_AH32H3DSXY_L4_371371.R2.fastp.fastq.gz,1gpu
gabo_L1,/jic/archive/projects/watseq/ECS/pr-raw-watseq/WatSeq-modern_global_reads/data/modern_clean1/Gabo_9D38900RP3F371371PC_BH2WHTDSXY_L1_371371.R1.fastp.fastq.gz,/jic/archive/projects/watseq/ECS/pr-raw-watseq/WatSeq-modern_global_reads/data/modern_clean1/Gabo_9D38900RP3F371371PC_BH2WHTDSXY_L1_371371.R2.fastp.fastq.gz,1gpu
galahad_L01,/jic/archive/projects/watseq/My_Book_Duo/Galahad_DP8400011547BL_L01_565.R1.fastq.gz,/jic/archive/projects/watseq/My_Book_Duo/Galahad_DP8400011547BL_L01_565.R2.fastq.gz,1gpu
galahad_L01,/jic/archive/projects/watseq/My_Book_Duo/Galahad_DP8400011547BL_L01_566.R1.fastq.gz,/jic/archive/projects/watseq/My_Book_Duo/Galahad_DP8400011547BL_L01_566.R2.fastq.gz,1gpu
gawain_L01,/jic/archive/projects/watseq/My_Book_Duo/Gawain_FP100001189BR_L01_517.R1.fastq.gz,/jic/archive/projects/watseq/My_Book_Duo/Gawain_FP100001189BR_L01_517.R2.fastq.gz,1gpu
gawain_L01,/jic/archive/projects/watseq/My_Book_Duo/Gawain_FP100001189BR_L01_518.R1.fastq.gz,/jic/archive/projects/watseq/My_Book_Duo/Gawain_FP100001189BR_L01_518.R2.fastq.gz,1gpu
granada_L01,/jic/archive/projects/watseq/My_Book_Duo/Granada_DP8400011545BL_L01_535.R1.fastq.gz,/jic/archive/projects/watseq/My_Book_Duo/Granada_DP8400011545BL_L01_535.R2.fastq.gz,1gpu
granada_L01,/jic/archive/projects/watseq/My_Book_Duo/Granada_DP8400011545BL_L01_536.R1.fastq.gz,/jic/archive/projects/watseq/My_Book_Duo/Granada_DP8400011545BL_L01_536.R2.fastq.gz,1gpu
haven_L01,/jic/archive/projects/watseq/My_Book_Duo/Haven_FP100001188BR_L01_503.R1.fastq.gz,/jic/archive/projects/watseq/My_Book_Duo/Haven_FP100001188BR_L01_503.R2.fastq.gz,1gpu
haven_L01,/jic/archive/projects/watseq/My_Book_Duo/Haven_FP100001188BR_L01_504.R1.fastq.gz,/jic/archive/projects/watseq/My_Book_Duo/Haven_FP100001188BR_L01_504.R2.fastq.gz,1gpu
heine_7_L01,/jic/archive/projects/watseq/My_Book_Duo/Heine_7_DP8400011547BL_L01_561.R1.fastq.gz,/jic/archive/projects/watseq/My_Book_Duo/Heine_7_DP8400011547BL_L01_561.R2.fastq.gz,1gpu
heine_7_L01,/jic/archive/projects/watseq/My_Book_Duo/Heine_7_DP8400011547BL_L01_562.R1.fastq.gz,/jic/archive/projects/watseq/My_Book_Duo/Heine_7_DP8400011547BL_L01_562.R2.fastq.gz,1gpu
hereward_L1,/jic/archive/projects/watseq/ECS/pr-raw-watseq/WatSeq-modern_global_reads/data/modern_clean1/Hereward_9D38857RP3F336336PB_AH33CYDSXY_L1_336336.R1.fastp.fastq.gz,/jic/archive/projects/watseq/ECS/pr-raw-watseq/WatSeq-modern_global_reads/data/modern_clean1/Hereward_9D38857RP3F336336PB_AH33CYDSXY_L1_336336.R2.fastp.fastq.gz,1gpu
hereward_L2,/jic/archive/projects/watseq/ECS/pr-raw-watseq/WatSeq-modern_global_reads/data/modern_clean1/Hereward_9D38857RP3F336336PC_BH32CVDSXY_L2_336336.R1.fastp.fastq.gz,/jic/archive/projects/watseq/ECS/pr-raw-watseq/WatSeq-modern_global_reads/data/modern_clean1/Hereward_9D38857RP3F336336PC_BH32CVDSXY_L2_336336.R2.fastp.fastq.gz,1gpu
hereward_L3,/jic/archive/projects/watseq/ECS/pr-raw-watseq/WatSeq-modern_global_reads/data/modern_clean1/Hereward_9D38857RP3F336336PC_BH32CVDSXY_L3_336336.R1.fastp.fastq.gz,/jic/archive/projects/watseq/ECS/pr-raw-watseq/WatSeq-modern_global_reads/data/modern_clean1/Hereward_9D38857RP3F336336PC_BH32CVDSXY_L3_336336.R2.fastp.fastq.gz,1gpu
hobbit_L2,/jic/archive/projects/watseq/ECS/pr-raw-watseq/WatSeq-modern_global_reads/data/modern_clean1/Hobbit_9D38835RP3F343343PC_AH33CYDSXY_L2_343343.R1.fastp.fastq.gz,/jic/archive/projects/watseq/ECS/pr-raw-watseq/WatSeq-modern_global_reads/data/modern_clean1/Hobbit_9D38835RP3F343343PC_AH33CYDSXY_L2_343343.R2.fastp.fastq.gz,1gpu
hobbit_L3,/jic/archive/projects/watseq/ECS/pr-raw-watseq/WatSeq-modern_global_reads/data/modern_clean1/Hobbit_9D38835RP3F386386PB_AH33CYDSXY_L3_386386.R1.fastp.fastq.gz,/jic/archive/projects/watseq/ECS/pr-raw-watseq/WatSeq-modern_global_reads/data/modern_clean1/Hobbit_9D38835RP3F386386PB_AH33CYDSXY_L3_386386.R2.fastp.fastq.gz,1gpu
holdfast_L2,/jic/archive/projects/watseq/ECS/pr-raw-watseq/WatSeq-modern_global_reads/data/modern_clean1/Holdfast_9D38824RP3F321321PC_BH32K2DSXY_L2_321321.R1.fastp.fastq.gz,/jic/archive/projects/watseq/ECS/pr-raw-watseq/WatSeq-modern_global_reads/data/modern_clean1/Holdfast_9D38824RP3F321321PC_BH32K2DSXY_L2_321321.R2.fastp.fastq.gz,1gpu
holdfast_L4,/jic/archive/projects/watseq/ECS/pr-raw-watseq/WatSeq-modern_global_reads/data/modern_clean1/Holdfast_9D38824RP3F321321PC_BHYV5TDSXX_L4_321321.R1.fastp.fastq.gz,/jic/archive/projects/watseq/ECS/pr-raw-watseq/WatSeq-modern_global_reads/data/modern_clean1/Holdfast_9D38824RP3F321321PC_BHYV5TDSXX_L4_321321.R2.fastp.fastq.gz,1gpu
holdfast_L4,/jic/archive/projects/watseq/ECS/pr-raw-watseq/WatSeq-modern_global_reads/data/modern_clean1/Holdfast_9D38824RP3F363363PB_BHYV5TDSXX_L4_363363.R1.fastp.fastq.gz,/jic/archive/projects/watseq/ECS/pr-raw-watseq/WatSeq-modern_global_reads/data/modern_clean1/Holdfast_9D38824RP3F363363PB_BHYV5TDSXX_L4_363363.R2.fastp.fastq.gz,1gpu
holster_L01,/jic/archive/projects/watseq/My_Book_Duo/holster_DP8400011551BR_L01_589.R1.fastq.gz,/jic/archive/projects/watseq/My_Book_Duo/holster_DP8400011551BR_L01_589.R2.fastq.gz,1gpu
holster_L01,/jic/archive/projects/watseq/My_Book_Duo/holster_DP8400011551BR_L01_590.R1.fastq.gz,/jic/archive/projects/watseq/My_Book_Duo/holster_DP8400011551BR_L01_590.R2.fastq.gz,1gpu
hybrid_46_L3,/jic/archive/projects/watseq/ECS/pr-raw-watseq/WatSeq-modern_global_reads/data/modern_clean1/Hybrid46_9D38820RP3F332332PA_BHYV5TDSXX_L3_332332.R1.fastp.fastq.gz,/jic/archive/projects/watseq/ECS/pr-raw-watseq/WatSeq-modern_global_reads/data/modern_clean1/Hybrid46_9D38820RP3F332332PA_BHYV5TDSXX_L3_332332.R2.fastp.fastq.gz,1gpu
hybrid_46_L2,/jic/archive/projects/watseq/ECS/pr-raw-watseq/WatSeq-modern_global_reads/data/modern_clean1/Hybrid46_9D38820RP3F373373PB_AH325HDSXY_L2_373373.R1.fastp.fastq.gz,/jic/archive/projects/watseq/ECS/pr-raw-watseq/WatSeq-modern_global_reads/data/modern_clean1/Hybrid46_9D38820RP3F373373PB_AH325HDSXY_L2_373373.R2.fastp.fastq.gz,1gpu
hybrid_46_L3,/jic/archive/projects/watseq/ECS/pr-raw-watseq/WatSeq-modern_global_reads/data/modern_clean1/Hybrid46_9D38820RP3F373373PB_BHYV5TDSXX_L3_373373.R1.fastp.fastq.gz,/jic/archive/projects/watseq/ECS/pr-raw-watseq/WatSeq-modern_global_reads/data/modern_clean1/Hybrid46_9D38820RP3F373373PB_BHYV5TDSXX_L3_373373.R2.fastp.fastq.gz,1gpu
ibis_L01,/jic/archive/projects/watseq/My_Book_Duo/Ibis_DP8400011548BL_L01_579.R1.fastq.gz,/jic/archive/projects/watseq/My_Book_Duo/Ibis_DP8400011548BL_L01_579.R2.fastq.gz,1gpu
ibis_L01,/jic/archive/projects/watseq/My_Book_Duo/Ibis_DP8400011548BL_L01_580.R1.fastq.gz,/jic/archive/projects/watseq/My_Book_Duo/Ibis_DP8400011548BL_L01_580.R2.fastq.gz,1gpu
iena_L3,/jic/archive/projects/watseq/ECS/pr-raw-watseq/WatSeq-modern_global_reads/data/modern_clean1/Iena_9D38869RP3F341341PA_AH32CJDSXY_L3_341341.R1.fastp.fastq.gz,/jic/archive/projects/watseq/ECS/pr-raw-watseq/WatSeq-modern_global_reads/data/modern_clean1/Iena_9D38869RP3F341341PA_AH32CJDSXY_L3_341341.R2.fastp.fastq.gz,1gpu
iena_L2,/jic/archive/projects/watseq/ECS/pr-raw-watseq/WatSeq-modern_global_reads/data/modern_clean1/Iena_9D38869RP3F341341PA_BH32CVDSXY_L2_341341.R1.fastp.fastq.gz,/jic/archive/projects/watseq/ECS/pr-raw-watseq/WatSeq-modern_global_reads/data/modern_clean1/Iena_9D38869RP3F341341PA_BH32CVDSXY_L2_341341.R2.fastp.fastq.gz,1gpu
iena_L4,/jic/archive/projects/watseq/ECS/pr-raw-watseq/WatSeq-modern_global_reads/data/modern_clean1/Iena_9D38869RP3F341341PB_AH32CJDSXY_L4_341341.R1.fastp.fastq.gz,/jic/archive/projects/watseq/ECS/pr-raw-watseq/WatSeq-modern_global_reads/data/modern_clean1/Iena_9D38869RP3F341341PB_AH32CJDSXY_L4_341341.R2.fastp.fastq.gz,1gpu
iena_L3,/jic/archive/projects/watseq/ECS/pr-raw-watseq/WatSeq-modern_global_reads/data/modern_clean1/Iena_9D38869RP3F341341PB_BH32CVDSXY_L3_341341.R1.fastp.fastq.gz,/jic/archive/projects/watseq/ECS/pr-raw-watseq/WatSeq-modern_global_reads/data/modern_clean1/Iena_9D38869RP3F341341PB_BH32CVDSXY_L3_341341.R2.fastp.fastq.gz,1gpu
ikarus_L01,/jic/archive/projects/watseq/My_Book_Duo/Ikarus_DP8400011548BL_L01_573.R1.fastq.gz,/jic/archive/projects/watseq/My_Book_Duo/Ikarus_DP8400011548BL_L01_573.R2.fastq.gz,1gpu
ikarus_L01,/jic/archive/projects/watseq/My_Book_Duo/Ikarus_DP8400011548BL_L01_574.R1.fastq.gz,/jic/archive/projects/watseq/My_Book_Duo/Ikarus_DP8400011548BL_L01_574.R2.fastq.gz,1gpu
karat_L01,/jic/archive/projects/watseq/My_Book_Duo/Karat_FP100001137BL_L01_535.R1.fastq.gz,/jic/archive/projects/watseq/My_Book_Duo/Karat_FP100001137BL_L01_535.R2.fastq.gz,1gpu
karat_L01,/jic/archive/projects/watseq/My_Book_Duo/Karat_FP100001137BL_L01_536.R1.fastq.gz,/jic/archive/projects/watseq/My_Book_Duo/Karat_FP100001137BL_L01_536.R2.fastq.gz,1gpu
kontrast_L1,/jic/archive/projects/watseq/ECS/pr-raw-watseq/WatSeq-modern_global_reads/data/modern_clean1/Kontrast_9D38878RP3F347347PB_BH32CVDSXY_L1_347347.R1.fastp.fastq.gz,/jic/archive/projects/watseq/ECS/pr-raw-watseq/WatSeq-modern_global_reads/data/modern_clean1/Kontrast_9D38878RP3F347347PB_BH32CVDSXY_L1_347347.R2.fastp.fastq.gz,1gpu
kontrast_L1,/jic/archive/projects/watseq/ECS/pr-raw-watseq/WatSeq-modern_global_reads/data/modern_clean1/Kontrast_9D38878RP3F347347PC_AH32H3DSXY_L1_347347.R1.fastp.fastq.gz,/jic/archive/projects/watseq/ECS/pr-raw-watseq/WatSeq-modern_global_reads/data/modern_clean1/Kontrast_9D38878RP3F347347PC_AH32H3DSXY_L1_347347.R2.fastp.fastq.gz,1gpu
kontrast_L4,/jic/archive/projects/watseq/ECS/pr-raw-watseq/WatSeq-modern_global_reads/data/modern_clean1/Kontrast_9D38878RP3F347347PC_BH32CVDSXY_L4_347347.R1.fastp.fastq.gz,/jic/archive/projects/watseq/ECS/pr-raw-watseq/WatSeq-modern_global_reads/data/modern_clean1/Kontrast_9D38878RP3F347347PC_BH32CVDSXY_L4_347347.R2.fastp.fastq.gz,1gpu
kosack_L01,/jic/archive/projects/watseq/My_Book_Duo/Kosack_DP8400011528TL_L01_565.R1.fastq.gz,/jic/archive/projects/watseq/My_Book_Duo/Kosack_DP8400011528TL_L01_565.R2.fastq.gz,1gpu
kosack_L01,/jic/archive/projects/watseq/My_Book_Duo/Kosack_DP8400011528TL_L01_566.R1.fastq.gz,/jic/archive/projects/watseq/My_Book_Duo/Kosack_DP8400011528TL_L01_566.R2.fastq.gz,1gpu
kosack_L01,/jic/archive/projects/watseq/My_Book_Duo/Kosack_DP8400011696BL_L01_565.R1.fastq.gz,/jic/archive/projects/watseq/My_Book_Duo/Kosack_DP8400011696BL_L01_565.R2.fastq.gz,1gpu
kosack_L01,/jic/archive/projects/watseq/My_Book_Duo/Kosack_DP8400011696BL_L01_566.R1.fastq.gz,/jic/archive/projects/watseq/My_Book_Duo/Kosack_DP8400011696BL_L01_566.R2.fastq.gz,1gpu
kranich_L01,/jic/archive/projects/watseq/My_Book_Duo/Kranich_FP100001187BR_L01_519.R1.fastq.gz,/jic/archive/projects/watseq/My_Book_Duo/Kranich_FP100001187BR_L01_519.R2.fastq.gz,1gpu
kranich_L01,/jic/archive/projects/watseq/My_Book_Duo/Kranich_FP100001187BR_L01_520.R1.fastq.gz,/jic/archive/projects/watseq/My_Book_Duo/Kranich_FP100001187BR_L01_520.R2.fastq.gz,1gpu
kws_santiago_L3,/jic/archive/projects/watseq/ECS/pr-raw-watseq/WatSeq-modern_global_reads/data/modern_clean1/KWS-Santiago_9D38943RP3F362362PA_AH32H3DSXY_L3_362362.R1.fastp.fastq.gz,/jic/archive/projects/watseq/ECS/pr-raw-watseq/WatSeq-modern_global_reads/data/modern_clean1/KWS-Santiago_9D38943RP3F362362PA_AH32H3DSXY_L3_362362.R2.fastp.fastq.gz,1gpu
kws_santiago_L3,/jic/archive/projects/watseq/ECS/pr-raw-watseq/WatSeq-modern_global_reads/data/modern_clean1/KWS-Santiago_9D38943RP3F362362PB_AH32CJDSXY_L3_362362.R1.fastp.fastq.gz,/jic/archive/projects/watseq/ECS/pr-raw-watseq/WatSeq-modern_global_reads/data/modern_clean1/KWS-Santiago_9D38943RP3F362362PB_AH32CJDSXY_L3_362362.R2.fastp.fastq.gz,1gpu
kws_santiago_L2,/jic/archive/projects/watseq/ECS/pr-raw-watseq/WatSeq-modern_global_reads/data/modern_clean1/KWS-Santiago_9D38943RP3F362362PB_AH32H3DSXY_L2_362362.R1.fastp.fastq.gz,/jic/archive/projects/watseq/ECS/pr-raw-watseq/WatSeq-modern_global_reads/data/modern_clean1/KWS-Santiago_9D38943RP3F362362PB_AH32H3DSXY_L2_362362.R2.fastp.fastq.gz,1gpu
lancelot_L01,/jic/archive/projects/watseq/My_Book_Duo/Lancelot_FP100001187BR_L01_581.R1.fastq.gz,/jic/archive/projects/watseq/My_Book_Duo/Lancelot_FP100001187BR_L01_581.R2.fastq.gz,1gpu
lancelot_L01,/jic/archive/projects/watseq/My_Book_Duo/Lancelot_FP100001187BR_L01_582.R1.fastq.gz,/jic/archive/projects/watseq/My_Book_Duo/Lancelot_FP100001187BR_L01_582.R2.fastq.gz,1gpu
leda_L3,/jic/archive/projects/watseq/ECS/pr-raw-watseq/WatSeq-modern_global_reads/data/modern_clean1/Leda_9D38819RP3F301301PC_BHYV5TDSXX_L3_301301.R1.fastp.fastq.gz,/jic/archive/projects/watseq/ECS/pr-raw-watseq/WatSeq-modern_global_reads/data/modern_clean1/Leda_9D38819RP3F301301PC_BHYV5TDSXX_L3_301301.R2.fastp.fastq.gz,1gpu
leda_L3,/jic/archive/projects/watseq/ECS/pr-raw-watseq/WatSeq-modern_global_reads/data/modern_clean1/Leda_9D38819RP3F345345PB_BHYV5TDSXX_L3_345345.R1.fastp.fastq.gz,/jic/archive/projects/watseq/ECS/pr-raw-watseq/WatSeq-modern_global_reads/data/modern_clean1/Leda_9D38819RP3F345345PB_BHYV5TDSXX_L3_345345.R2.fastp.fastq.gz,1gpu
legend_L01,/jic/archive/projects/watseq/My_Book_Duo/Legend_DP8400011551BR_L01_587.R1.fastq.gz,/jic/archive/projects/watseq/My_Book_Duo/Legend_DP8400011551BR_L01_587.R2.fastq.gz,1gpu
legend_L01,/jic/archive/projects/watseq/My_Book_Duo/Legend_DP8400011551BR_L01_588.R1.fastq.gz,/jic/archive/projects/watseq/My_Book_Duo/Legend_DP8400011551BR_L01_588.R2.fastq.gz,1gpu
longbow_L01,/jic/archive/projects/watseq/My_Book_Duo/Longbow_DP8400011374TR_L01_527.R1.fastq.gz,/jic/archive/projects/watseq/My_Book_Duo/Longbow_DP8400011374TR_L01_527.R2.fastq.gz,1gpu
longbow_L01,/jic/archive/projects/watseq/My_Book_Duo/Longbow_DP8400011374TR_L01_528.R1.fastq.gz,/jic/archive/projects/watseq/My_Book_Duo/Longbow_DP8400011374TR_L01_528.R2.fastq.gz,1gpu
lutin_L01,/jic/archive/projects/watseq/My_Book_Duo/Lutin_DP8400011718TR_L01_557.R1.fastq.gz,/jic/archive/projects/watseq/My_Book_Duo/Lutin_DP8400011718TR_L01_557.R2.fastq.gz,1gpu
lutin_L01,/jic/archive/projects/watseq/My_Book_Duo/Lutin_DP8400011718TR_L01_558.R1.fastq.gz,/jic/archive/projects/watseq/My_Book_Duo/Lutin_DP8400011718TR_L01_558.R2.fastq.gz,1gpu
lutin_L01,/jic/archive/projects/watseq/My_Book_Duo/Lutin_FP200000081BL_L01_582.R1.fastq.gz,/jic/archive/projects/watseq/My_Book_Duo/Lutin_FP200000081BL_L01_582.R2.fastq.gz,1gpu
mahndorfer_L1,/jic/archive/projects/watseq/ECS/pr-raw-watseq/WatSeq-modern_global_reads/data/modern_clean1/Mahndorfer_9D38832RP3F340340PA_AH2YKCDSXY_L1_340340.R1.fastp.fastq.gz,/jic/archive/projects/watseq/ECS/pr-raw-watseq/WatSeq-modern_global_reads/data/modern_clean1/Mahndorfer_9D38832RP3F340340PA_AH2YKCDSXY_L1_340340.R2.fastp.fastq.gz,1gpu
mahndorfer_L2,/jic/archive/projects/watseq/ECS/pr-raw-watseq/WatSeq-modern_global_reads/data/modern_clean1/Mahndorfer_9D38832RP3F340340PA_BH32KHDSXY_L2_340340.R1.fastp.fastq.gz,/jic/archive/projects/watseq/ECS/pr-raw-watseq/WatSeq-modern_global_reads/data/modern_clean1/Mahndorfer_9D38832RP3F340340PA_BH32KHDSXY_L2_340340.R2.fastp.fastq.gz,1gpu
mahndorfer_L1,/jic/archive/projects/watseq/ECS/pr-raw-watseq/WatSeq-modern_global_reads/data/modern_clean1/Mahndorfer_9D38832RP3F381381PB_AH2YKCDSXY_L1_381381.R1.fastp.fastq.gz,/jic/archive/projects/watseq/ECS/pr-raw-watseq/WatSeq-modern_global_reads/data/modern_clean1/Mahndorfer_9D38832RP3F381381PB_AH2YKCDSXY_L1_381381.R2.fastp.fastq.gz,1gpu
mahndorfer_L1,/jic/archive/projects/watseq/ECS/pr-raw-watseq/WatSeq-modern_global_reads/data/modern_clean1/Mahndorfer_9D38832RP3F381381PB_BH32KHDSXY_L1_381381.R1.fastp.fastq.gz,/jic/archive/projects/watseq/ECS/pr-raw-watseq/WatSeq-modern_global_reads/data/modern_clean1/Mahndorfer_9D38832RP3F381381PB_BH32KHDSXY_L1_381381.R2.fastp.fastq.gz,1gpu
malacca_L2,/jic/archive/projects/watseq/ECS/pr-raw-watseq/WatSeq-modern_global_reads/data/modern_clean1/malacca_9D38892RP3F365365PA_AH32H3DSXY_L2_365365.R1.fastp.fastq.gz,/jic/archive/projects/watseq/ECS/pr-raw-watseq/WatSeq-modern_global_reads/data/modern_clean1/malacca_9D38892RP3F365365PA_AH32H3DSXY_L2_365365.R2.fastp.fastq.gz,1gpu
malacca_L3,/jic/archive/projects/watseq/ECS/pr-raw-watseq/WatSeq-modern_global_reads/data/modern_clean1/malacca_9D38892RP3F365365PB_AH32H3DSXY_L3_365365.R1.fastp.fastq.gz,/jic/archive/projects/watseq/ECS/pr-raw-watseq/WatSeq-modern_global_reads/data/modern_clean1/malacca_9D38892RP3F365365PB_AH32H3DSXY_L3_365365.R2.fastp.fastq.gz,1gpu
marco_L1,/jic/archive/projects/watseq/ECS/pr-raw-watseq/WatSeq-modern_global_reads/data/modern_clean1/Marco_9D38865RP3F306306PA_BH322JDSXY_L1_306306.R1.fastp.fastq.gz,/jic/archive/projects/watseq/ECS/pr-raw-watseq/WatSeq-modern_global_reads/data/modern_clean1/Marco_9D38865RP3F306306PA_BH322JDSXY_L1_306306.R2.fastp.fastq.gz,1gpu
marco_L1,/jic/archive/projects/watseq/ECS/pr-raw-watseq/WatSeq-modern_global_reads/data/modern_clean1/Marco_9D38865RP3F306306PB_AH33CYDSXY_L1_306306.R1.fastp.fastq.gz,/jic/archive/projects/watseq/ECS/pr-raw-watseq/WatSeq-modern_global_reads/data/modern_clean1/Marco_9D38865RP3F306306PB_AH33CYDSXY_L1_306306.R2.fastp.fastq.gz,1gpu
maris_huntsman_L4,/jic/archive/projects/watseq/ECS/pr-raw-watseq/WatSeq-modern_global_reads/data/modern_clean1/MarisHuntsman_9D38827RP3F328328PC_BH327VDSXY_L4_328328.R1.fastp.fastq.gz,/jic/archive/projects/watseq/ECS/pr-raw-watseq/WatSeq-modern_global_reads/data/modern_clean1/MarisHuntsman_9D38827RP3F328328PC_BH327VDSXY_L4_328328.R2.fastp.fastq.gz,1gpu
maris_huntsman_L4,/jic/archive/projects/watseq/ECS/pr-raw-watseq/WatSeq-modern_global_reads/data/modern_clean1/MarisHuntsman_9D38827RP3F328328PC_BHYV5TDSXX_L4_328328.R1.fastp.fastq.gz,/jic/archive/projects/watseq/ECS/pr-raw-watseq/WatSeq-modern_global_reads/data/modern_clean1/MarisHuntsman_9D38827RP3F328328PC_BHYV5TDSXX_L4_328328.R2.fastp.fastq.gz,1gpu
maris_huntsman_L4,/jic/archive/projects/watseq/ECS/pr-raw-watseq/WatSeq-modern_global_reads/data/modern_clean1/MarisHuntsman_9D38827RP3F370370PB_BHYV5TDSXX_L4_370370.R1.fastp.fastq.gz,/jic/archive/projects/watseq/ECS/pr-raw-watseq/WatSeq-modern_global_reads/data/modern_clean1/MarisHuntsman_9D38827RP3F370370PB_BHYV5TDSXX_L4_370370.R2.fastp.fastq.gz,1gpu
maris_widgeon_L1,/jic/archive/projects/watseq/ECS/pr-raw-watseq/WatSeq-modern_global_reads/data/modern_clean2/Maris-Widgeon_9D38846RP3F372372PB_BH322JDSXY_L1_372372.R1.fastp.fastq.gz,/jic/archive/projects/watseq/ECS/pr-raw-watseq/WatSeq-modern_global_reads/data/modern_clean2/Maris-Widgeon_9D38846RP3F372372PB_BH322JDSXY_L1_372372.R2.fastp.fastq.gz,1gpu
maris_widgeon_L4,/jic/archive/projects/watseq/My_Book_Duo/Maris-Widgeon_BH2WHTDSXY_L4_330330.R1.fastq.gz,/jic/archive/projects/watseq/My_Book_Duo/Maris-Widgeon_BH2WHTDSXY_L4_330330.R2.fastq.gz,1gpu
maris_widgeon_L1,/jic/archive/projects/watseq/My_Book_Duo/Maris-Widgeon_BH322JDSXY_L1_372372.R1.fastq.gz,/jic/archive/projects/watseq/My_Book_Duo/Maris-Widgeon_BH322JDSXY_L1_372372.R2.fastq.gz,1gpu
mendel_L01,/jic/archive/projects/watseq/My_Book_Duo/mendel_FP100001188BR_L01_505.R1.fastq.gz,/jic/archive/projects/watseq/My_Book_Duo/mendel_FP100001188BR_L01_505.R2.fastq.gz,1gpu
mendel_L01,/jic/archive/projects/watseq/My_Book_Duo/mendel_FP100001188BR_L01_506.R1.fastq.gz,/jic/archive/projects/watseq/My_Book_Duo/mendel_FP100001188BR_L01_506.R2.fastq.gz,1gpu
mercia_L01,/jic/archive/projects/watseq/My_Book_Duo/mercia_DP8400011548BL_L01_571.R1.fastq.gz,/jic/archive/projects/watseq/My_Book_Duo/mercia_DP8400011548BL_L01_571.R2.fastq.gz,1gpu
mercia_L01,/jic/archive/projects/watseq/My_Book_Duo/mercia_DP8400011548BL_L01_572.R1.fastq.gz,/jic/archive/projects/watseq/My_Book_Duo/mercia_DP8400011548BL_L01_572.R2.fastq.gz,1gpu
mina_L01,/jic/archive/projects/watseq/My_Book_Duo/mina_FP100001186BR_L01_523.R1.fastq.gz,/jic/archive/projects/watseq/My_Book_Duo/mina_FP100001186BR_L01_523.R2.fastq.gz,1gpu
mina_L01,/jic/archive/projects/watseq/My_Book_Duo/mina_FP100001186BR_L01_524.R1.fastq.gz,/jic/archive/projects/watseq/My_Book_Duo/mina_FP100001186BR_L01_524.R2.fastq.gz,1gpu
minister_L2,/jic/archive/projects/watseq/ECS/pr-raw-watseq/WatSeq-modern_global_reads/data/modern_clean2/Minister_9D38847RP3F341341PA_AH2WKGDSXY_L2_341341.R1.fastp.fastq.gz,/jic/archive/projects/watseq/ECS/pr-raw-watseq/WatSeq-modern_global_reads/data/modern_clean2/Minister_9D38847RP3F341341PA_AH2WKGDSXY_L2_341341.R2.fastp.fastq.gz,1gpu
minister_L3,/jic/archive/projects/watseq/ECS/pr-raw-watseq/WatSeq-modern_global_reads/data/modern_clean2/Minister_9D38847RP3F341341PA_BH32JLDSXY_L3_341341.R1.fastp.fastq.gz,/jic/archive/projects/watseq/ECS/pr-raw-watseq/WatSeq-modern_global_reads/data/modern_clean2/Minister_9D38847RP3F341341PA_BH32JLDSXY_L3_341341.R2.fastp.fastq.gz,1gpu
minister_L1,/jic/archive/projects/watseq/ECS/pr-raw-watseq/WatSeq-modern_global_reads/data/modern_clean2/Minister_9D38847RP3F383383PB_AH3232DSXY_L1_383383.R1.fastp.fastq.gz,/jic/archive/projects/watseq/ECS/pr-raw-watseq/WatSeq-modern_global_reads/data/modern_clean2/Minister_9D38847RP3F383383PB_AH3232DSXY_L1_383383.R2.fastp.fastq.gz,1gpu
minister_L1,/jic/archive/projects/watseq/ECS/pr-raw-watseq/WatSeq-modern_global_reads/data/modern_clean2/Minister_9D38847RP3F383383PB_BH322JDSXY_L1_383383.R1.fastp.fastq.gz,/jic/archive/projects/watseq/ECS/pr-raw-watseq/WatSeq-modern_global_reads/data/modern_clean2/Minister_9D38847RP3F383383PB_BH322JDSXY_L1_383383.R2.fastp.fastq.gz,1gpu
moisson_L1,/jic/archive/projects/watseq/ECS/pr-raw-watseq/WatSeq-modern_global_reads/data/modern_clean2/Moisson_9D38858RP3F324324PB_AH3232DSXY_L1_324324.R1.fastp.fastq.gz,/jic/archive/projects/watseq/ECS/pr-raw-watseq/WatSeq-modern_global_reads/data/modern_clean2/Moisson_9D38858RP3F324324PB_AH3232DSXY_L1_324324.R2.fastp.fastq.gz,1gpu
moisson_L2,/jic/archive/projects/watseq/ECS/pr-raw-watseq/WatSeq-modern_global_reads/data/modern_clean2/Moisson_9D38858RP3F324324PB_BH322JDSXY_L2_324324.R1.fastp.fastq.gz,/jic/archive/projects/watseq/ECS/pr-raw-watseq/WatSeq-modern_global_reads/data/modern_clean2/Moisson_9D38858RP3F324324PB_BH322JDSXY_L2_324324.R2.fastp.fastq.gz,1gpu
moisson_L4,/jic/archive/projects/watseq/ECS/pr-raw-watseq/WatSeq-modern_global_reads/data/modern_clean2/Moisson_9D38858RP3F324324PC_BH322JDSXY_L4_324324.R1.fastp.fastq.gz,/jic/archive/projects/watseq/ECS/pr-raw-watseq/WatSeq-modern_global_reads/data/modern_clean2/Moisson_9D38858RP3F324324PC_BH322JDSXY_L4_324324.R2.fastp.fastq.gz,1gpu
moisson_L3,/jic/archive/projects/watseq/ECS/pr-raw-watseq/WatSeq-modern_global_reads/data/modern_clean2/Moisson_9D38858RP3F324324PC_BH32JLDSXY_L3_324324.R1.fastp.fastq.gz,/jic/archive/projects/watseq/ECS/pr-raw-watseq/WatSeq-modern_global_reads/data/modern_clean2/Moisson_9D38858RP3F324324PC_BH32JLDSXY_L3_324324.R2.fastp.fastq.gz,1gpu
muck_L4,/jic/archive/projects/watseq/ECS/pr-raw-watseq/WatSeq-modern_global_reads/data/modern_clean2/Muck_9D38879RP3F349349PA_BH32CVDSXY_L4_349349.R1.fastp.fastq.gz,/jic/archive/projects/watseq/ECS/pr-raw-watseq/WatSeq-modern_global_reads/data/modern_clean2/Muck_9D38879RP3F349349PA_BH32CVDSXY_L4_349349.R2.fastp.fastq.gz,1gpu
muck_L1,/jic/archive/projects/watseq/ECS/pr-raw-watseq/WatSeq-modern_global_reads/data/modern_clean2/Muck_9D38879RP3F349349PB_AH32H3DSXY_L1_349349.R1.fastp.fastq.gz,/jic/archive/projects/watseq/ECS/pr-raw-watseq/WatSeq-modern_global_reads/data/modern_clean2/Muck_9D38879RP3F349349PB_AH32H3DSXY_L1_349349.R2.fastp.fastq.gz,1gpu
multiweiss_L1,/jic/archive/projects/watseq/ECS/pr-raw-watseq/WatSeq-modern_global_reads/data/modern_clean2/Multiweiss_9D38830RP3F333333PC_AH2YKCDSXY_L1_333333.R1.fastp.fastq.gz,/jic/archive/projects/watseq/ECS/pr-raw-watseq/WatSeq-modern_global_reads/data/modern_clean2/Multiweiss_9D38830RP3F333333PC_AH2YKCDSXY_L1_333333.R2.fastp.fastq.gz,1gpu
multiweiss_L1,/jic/archive/projects/watseq/ECS/pr-raw-watseq/WatSeq-modern_global_reads/data/modern_clean2/Multiweiss_9D38830RP3F374374PB_AH2YKCDSXY_L1_374374.R1.fastp.fastq.gz,/jic/archive/projects/watseq/ECS/pr-raw-watseq/WatSeq-modern_global_reads/data/modern_clean2/Multiweiss_9D38830RP3F374374PB_AH2YKCDSXY_L1_374374.R2.fastp.fastq.gz,1gpu
nautica_L1,/jic/archive/projects/watseq/ECS/pr-raw-watseq/WatSeq-modern_global_reads/data/modern_clean2/Nautica_9D38842RP3F334334PA_AH3232DSXY_L1_334334.R1.fastp.fastq.gz,/jic/archive/projects/watseq/ECS/pr-raw-watseq/WatSeq-modern_global_reads/data/modern_clean2/Nautica_9D38842RP3F334334PA_AH3232DSXY_L1_334334.R2.fastp.fastq.gz,1gpu
nautica_L4,/jic/archive/projects/watseq/ECS/pr-raw-watseq/WatSeq-modern_global_reads/data/modern_clean2/Nautica_9D38842RP3F334334PA_AH32TYDSXY_L4_334334.R1.fastp.fastq.gz,/jic/archive/projects/watseq/ECS/pr-raw-watseq/WatSeq-modern_global_reads/data/modern_clean2/Nautica_9D38842RP3F334334PA_AH32TYDSXY_L4_334334.R2.fastp.fastq.gz,1gpu
nautica_L4,/jic/archive/projects/watseq/ECS/pr-raw-watseq/WatSeq-modern_global_reads/data/modern_clean2/Nautica_9D38842RP3F375375PB_AH32TYDSXY_L4_375375.R1.fastp.fastq.gz,/jic/archive/projects/watseq/ECS/pr-raw-watseq/WatSeq-modern_global_reads/data/modern_clean2/Nautica_9D38842RP3F375375PB_AH32TYDSXY_L4_375375.R2.fastp.fastq.gz,1gpu
nautica_L3,/jic/archive/projects/watseq/ECS/pr-raw-watseq/WatSeq-modern_global_reads/data/modern_clean2/Nautica_9D38842RP3F375375PB_BH32JLDSXY_L3_375375.R1.fastp.fastq.gz,/jic/archive/projects/watseq/ECS/pr-raw-watseq/WatSeq-modern_global_reads/data/modern_clean2/Nautica_9D38842RP3F375375PB_BH32JLDSXY_L3_375375.R2.fastp.fastq.gz,1gpu
newhaven_L01,/jic/archive/projects/watseq/My_Book_Duo/Newhaven_FP100001184BR_L01_507.R1.fastq.gz,/jic/archive/projects/watseq/My_Book_Duo/Newhaven_FP100001184BR_L01_507.R2.fastq.gz,1gpu
newhaven_L01,/jic/archive/projects/watseq/My_Book_Duo/Newhaven_FP100001184BR_L01_508.R1.fastq.gz,/jic/archive/projects/watseq/My_Book_Duo/Newhaven_FP100001184BR_L01_508.R2.fastq.gz,1gpu
norda_L01,/jic/archive/projects/watseq/My_Book_Duo/Norda_DP8400011526TL_L01_553.R1.fastq.gz,/jic/archive/projects/watseq/My_Book_Duo/Norda_DP8400011526TL_L01_553.R2.fastq.gz,1gpu
norda_L01,/jic/archive/projects/watseq/My_Book_Duo/Norda_DP8400011526TL_L01_554.R1.fastq.gz,/jic/archive/projects/watseq/My_Book_Duo/Norda_DP8400011526TL_L01_554.R2.fastq.gz,1gpu
norda_L01,/jic/archive/projects/watseq/My_Book_Duo/Norda_DP8400011679BR_L01_553.R1.fastq.gz,/jic/archive/projects/watseq/My_Book_Duo/Norda_DP8400011679BR_L01_553.R2.fastq.gz,1gpu
norda_L01,/jic/archive/projects/watseq/My_Book_Duo/Norda_DP8400011679BR_L01_554.R1.fastq.gz,/jic/archive/projects/watseq/My_Book_Duo/Norda_DP8400011679BR_L01_554.R2.fastq.gz,1gpu
norda_L01,/jic/archive/projects/watseq/My_Book_Duo/Norda_FP200000081BL_L01_553.R1.fastq.gz,/jic/archive/projects/watseq/My_Book_Duo/Norda_FP200000081BL_L01_553.R2.fastq.gz,1gpu
norda_L01,/jic/archive/projects/watseq/My_Book_Duo/Norda_FP200000081BL_L01_554.R1.fastq.gz,/jic/archive/projects/watseq/My_Book_Duo/Norda_FP200000081BL_L01_554.R2.fastq.gz,1gpu
obelisk_L1,/jic/archive/projects/watseq/ECS/pr-raw-watseq/WatSeq-modern_global_reads/data/modern_clean2/Obelisk_9D38884RP3F356356PA_AH32H3DSXY_L1_356356.R1.fastp.fastq.gz,/jic/archive/projects/watseq/ECS/pr-raw-watseq/WatSeq-modern_global_reads/data/modern_clean2/Obelisk_9D38884RP3F356356PA_AH32H3DSXY_L1_356356.R2.fastp.fastq.gz,1gpu
obelisk_L4,/jic/archive/projects/watseq/ECS/pr-raw-watseq/WatSeq-modern_global_reads/data/modern_clean2/Obelisk_9D38884RP3F356356PB_BH32CVDSXY_L4_356356.R1.fastp.fastq.gz,/jic/archive/projects/watseq/ECS/pr-raw-watseq/WatSeq-modern_global_reads/data/modern_clean2/Obelisk_9D38884RP3F356356PB_BH32CVDSXY_L4_356356.R2.fastp.fastq.gz,1gpu
odeon_L01,/jic/archive/projects/watseq/My_Book_Duo/Odeon_DP8400011681BR_L01_511.R1.fastq.gz,/jic/archive/projects/watseq/My_Book_Duo/Odeon_DP8400011681BR_L01_511.R2.fastq.gz,1gpu
odeon_L01,/jic/archive/projects/watseq/My_Book_Duo/Odeon_DP8400011681BR_L01_512.R1.fastq.gz,/jic/archive/projects/watseq/My_Book_Duo/Odeon_DP8400011681BR_L01_512.R2.fastq.gz,1gpu
odeon_L01,/jic/archive/projects/watseq/My_Book_Duo/Odeon_FP200000081BL_L01_511.R1.fastq.gz,/jic/archive/projects/watseq/My_Book_Duo/Odeon_FP200000081BL_L01_511.R2.fastq.gz,1gpu
odeon_L01,/jic/archive/projects/watseq/My_Book_Duo/Odeon_FP200000081BL_L01_512.R1.fastq.gz,/jic/archive/projects/watseq/My_Book_Duo/Odeon_FP200000081BL_L01_512.R2.fastq.gz,1gpu
odin_L01,/jic/archive/projects/watseq/My_Book_Duo/Odin_FP100001187BR_L01_511.R1.fastq.gz,/jic/archive/projects/watseq/My_Book_Duo/Odin_FP100001187BR_L01_511.R2.fastq.gz,1gpu
odin_L01,/jic/archive/projects/watseq/My_Book_Duo/Odin_FP100001187BR_L01_512.R1.fastq.gz,/jic/archive/projects/watseq/My_Book_Duo/Odin_FP100001187BR_L01_512.R2.fastq.gz,1gpu
oenus_L01,/jic/archive/projects/watseq/My_Book_Duo/Oenus_DP8400011528TL_L01_561.R1.fastq.gz,/jic/archive/projects/watseq/My_Book_Duo/Oenus_DP8400011528TL_L01_561.R2.fastq.gz,1gpu
oenus_L01,/jic/archive/projects/watseq/My_Book_Duo/Oenus_DP8400011528TL_L01_562.R1.fastq.gz,/jic/archive/projects/watseq/My_Book_Duo/Oenus_DP8400011528TL_L01_562.R2.fastq.gz,1gpu
orlando_L2,/jic/archive/projects/watseq/ECS/pr-raw-watseq/WatSeq-modern_global_reads/data/modern_clean2/Orlando_9D38837RP3F307307PA_AH2WKGDSXY_L2_307307.R1.fastp.fastq.gz,/jic/archive/projects/watseq/ECS/pr-raw-watseq/WatSeq-modern_global_reads/data/modern_clean2/Orlando_9D38837RP3F307307PA_AH2WKGDSXY_L2_307307.R2.fastp.fastq.gz,1gpu
orlando_L3,/jic/archive/projects/watseq/ECS/pr-raw-watseq/WatSeq-modern_global_reads/data/modern_clean2/Orlando_9D38837RP3F307307PA_BH32JLDSXY_L3_307307.R1.fastp.fastq.gz,/jic/archive/projects/watseq/ECS/pr-raw-watseq/WatSeq-modern_global_reads/data/modern_clean2/Orlando_9D38837RP3F307307PA_BH32JLDSXY_L3_307307.R2.fastp.fastq.gz,1gpu
orlando_L1,/jic/archive/projects/watseq/ECS/pr-raw-watseq/WatSeq-modern_global_reads/data/modern_clean2/Orlando_9D38837RP3F350350PB_AH3232DSXY_L1_350350.R1.fastp.fastq.gz,/jic/archive/projects/watseq/ECS/pr-raw-watseq/WatSeq-modern_global_reads/data/modern_clean2/Orlando_9D38837RP3F350350PB_AH3232DSXY_L1_350350.R2.fastp.fastq.gz,1gpu
orlando_L4,/jic/archive/projects/watseq/ECS/pr-raw-watseq/WatSeq-modern_global_reads/data/modern_clean2/Orlando_9D38837RP3F350350PB_AH32TYDSXY_L4_350350.R1.fastp.fastq.gz,/jic/archive/projects/watseq/ECS/pr-raw-watseq/WatSeq-modern_global_reads/data/modern_clean2/Orlando_9D38837RP3F350350PB_AH32TYDSXY_L4_350350.R2.fastp.fastq.gz,1gpu
palur_L4,/jic/archive/projects/watseq/ECS/pr-raw-watseq/WatSeq-modern_global_reads/data/modern_clean2/Palur_9D38885RP3F357357PA_AH32CJDSXY_L4_357357.R1.fastp.fastq.gz,/jic/archive/projects/watseq/ECS/pr-raw-watseq/WatSeq-modern_global_reads/data/modern_clean2/Palur_9D38885RP3F357357PA_AH32CJDSXY_L4_357357.R2.fastp.fastq.gz,1gpu
palur_L1,/jic/archive/projects/watseq/ECS/pr-raw-watseq/WatSeq-modern_global_reads/data/modern_clean2/Palur_9D38885RP3F357357PA_AH32H3DSXY_L1_357357.R1.fastp.fastq.gz,/jic/archive/projects/watseq/ECS/pr-raw-watseq/WatSeq-modern_global_reads/data/modern_clean2/Palur_9D38885RP3F357357PA_AH32H3DSXY_L1_357357.R2.fastp.fastq.gz,1gpu
palur_L3,/jic/archive/projects/watseq/ECS/pr-raw-watseq/WatSeq-modern_global_reads/data/modern_clean2/Palur_9D38885RP3F357357PB_AH32CJDSXY_L3_357357.R1.fastp.fastq.gz,/jic/archive/projects/watseq/ECS/pr-raw-watseq/WatSeq-modern_global_reads/data/modern_clean2/Palur_9D38885RP3F357357PB_AH32CJDSXY_L3_357357.R2.fastp.fastq.gz,1gpu
palur_L4,/jic/archive/projects/watseq/ECS/pr-raw-watseq/WatSeq-modern_global_reads/data/modern_clean2/Palur_9D38885RP3F357357PB_BH32CVDSXY_L4_357357.R1.fastp.fastq.gz,/jic/archive/projects/watseq/ECS/pr-raw-watseq/WatSeq-modern_global_reads/data/modern_clean2/Palur_9D38885RP3F357357PB_BH32CVDSXY_L4_357357.R2.fastp.fastq.gz,1gpu
pastiche_L2,/jic/archive/projects/watseq/ECS/pr-raw-watseq/WatSeq-modern_global_reads/data/modern_clean2/Pastiche_9D38848RP3F325325PA_AH2WKGDSXY_L2_325325.R1.fastp.fastq.gz,/jic/archive/projects/watseq/ECS/pr-raw-watseq/WatSeq-modern_global_reads/data/modern_clean2/Pastiche_9D38848RP3F325325PA_AH2WKGDSXY_L2_325325.R2.fastp.fastq.gz,1gpu
pastiche_L4,/jic/archive/projects/watseq/ECS/pr-raw-watseq/WatSeq-modern_global_reads/data/modern_clean2/Pastiche_9D38848RP3F325325PA_BH327VDSXY_L4_325325.R1.fastp.fastq.gz,/jic/archive/projects/watseq/ECS/pr-raw-watseq/WatSeq-modern_global_reads/data/modern_clean2/Pastiche_9D38848RP3F325325PA_BH327VDSXY_L4_325325.R2.fastp.fastq.gz,1gpu
pastiche_L1,/jic/archive/projects/watseq/ECS/pr-raw-watseq/WatSeq-modern_global_reads/data/modern_clean2/Pastiche_9D38848RP3F368368PB_BH322JDSXY_L1_368368.R1.fastp.fastq.gz,/jic/archive/projects/watseq/ECS/pr-raw-watseq/WatSeq-modern_global_reads/data/modern_clean2/Pastiche_9D38848RP3F368368PB_BH322JDSXY_L1_368368.R2.fastp.fastq.gz,1gpu
pavon_76_L3,/jic/archive/projects/watseq/ECS/pr-raw-watseq/WatSeq-modern_global_reads/data/modern_clean2/Pavon76_9D38901RP3F372372PA_AH32CJDSXY_L3_372372.R1.fastp.fastq.gz,/jic/archive/projects/watseq/ECS/pr-raw-watseq/WatSeq-modern_global_reads/data/modern_clean2/Pavon76_9D38901RP3F372372PA_AH32CJDSXY_L3_372372.R2.fastp.fastq.gz,1gpu
pavon_76_L4,/jic/archive/projects/watseq/ECS/pr-raw-watseq/WatSeq-modern_global_reads/data/modern_clean2/Pavon76_9D38901RP3F372372PA_AH32H3DSXY_L4_372372.R1.fastp.fastq.gz,/jic/archive/projects/watseq/ECS/pr-raw-watseq/WatSeq-modern_global_reads/data/modern_clean2/Pavon76_9D38901RP3F372372PA_AH32H3DSXY_L4_372372.R2.fastp.fastq.gz,1gpu
pavon_76_L4,/jic/archive/projects/watseq/ECS/pr-raw-watseq/WatSeq-modern_global_reads/data/modern_clean2/Pavon76_9D38901RP3F372372PB_AH32CJDSXY_L4_372372.R1.fastp.fastq.gz,/jic/archive/projects/watseq/ECS/pr-raw-watseq/WatSeq-modern_global_reads/data/modern_clean2/Pavon76_9D38901RP3F372372PB_AH32CJDSXY_L4_372372.R2.fastp.fastq.gz,1gpu
pavon_76_L1,/jic/archive/projects/watseq/ECS/pr-raw-watseq/WatSeq-modern_global_reads/data/modern_clean2/Pavon76_9D38901RP3F372372PB_BH2WHTDSXY_L1_372372.R1.fastp.fastq.gz,/jic/archive/projects/watseq/ECS/pr-raw-watseq/WatSeq-modern_global_reads/data/modern_clean2/Pavon76_9D38901RP3F372372PB_BH2WHTDSXY_L1_372372.R2.fastp.fastq.gz,1gpu
pepital_L01,/jic/archive/projects/watseq/My_Book_Duo/Pepital_DP8400011718TR_L01_551.R1.fastq.gz,/jic/archive/projects/watseq/My_Book_Duo/Pepital_DP8400011718TR_L01_551.R2.fastq.gz,1gpu
pepital_L01,/jic/archive/projects/watseq/My_Book_Duo/Pepital_DP8400011718TR_L01_552.R1.fastq.gz,/jic/archive/projects/watseq/My_Book_Duo/Pepital_DP8400011718TR_L01_552.R2.fastq.gz,1gpu
peragis_L2,/jic/archive/projects/watseq/ECS/pr-raw-watseq/WatSeq-modern_global_reads/data/modern_clean2/Peragis_9D38813RP3F306306PC_BHYV5TDSXX_L2_306306.R1.fastp.fastq.gz,/jic/archive/projects/watseq/ECS/pr-raw-watseq/WatSeq-modern_global_reads/data/modern_clean2/Peragis_9D38813RP3F306306PC_BHYV5TDSXX_L2_306306.R2.fastp.fastq.gz,1gpu
peragis_L2,/jic/archive/projects/watseq/ECS/pr-raw-watseq/WatSeq-modern_global_reads/data/modern_clean2/Peragis_9D38813RP3F349349PB_BHYV5TDSXX_L2_349349.R1.fastp.fastq.gz,/jic/archive/projects/watseq/ECS/pr-raw-watseq/WatSeq-modern_global_reads/data/modern_clean2/Peragis_9D38813RP3F349349PB_BHYV5TDSXX_L2_349349.R2.fastp.fastq.gz,1gpu
perlo_L2,/jic/archive/projects/watseq/ECS/pr-raw-watseq/WatSeq-modern_global_reads/data/modern_clean2/Perlo_9D38843RP3F339339PA_AH2WKGDSXY_L2_339339.R1.fastp.fastq.gz,/jic/archive/projects/watseq/ECS/pr-raw-watseq/WatSeq-modern_global_reads/data/modern_clean2/Perlo_9D38843RP3F339339PA_AH2WKGDSXY_L2_339339.R2.fastp.fastq.gz,1gpu
perlo_L4,/jic/archive/projects/watseq/ECS/pr-raw-watseq/WatSeq-modern_global_reads/data/modern_clean2/Perlo_9D38843RP3F380380PB_AH32TYDSXY_L4_380380.R1.fastp.fastq.gz,/jic/archive/projects/watseq/ECS/pr-raw-watseq/WatSeq-modern_global_reads/data/modern_clean2/Perlo_9D38843RP3F380380PB_AH32TYDSXY_L4_380380.R2.fastp.fastq.gz,1gpu
pony_L1,/jic/archive/projects/watseq/ECS/pr-raw-watseq/WatSeq-modern_global_reads/data/modern_clean2/Pony_9D38864RP3F307307PA_BH322JDSXY_L1_307307.R1.fastp.fastq.gz,/jic/archive/projects/watseq/ECS/pr-raw-watseq/WatSeq-modern_global_reads/data/modern_clean2/Pony_9D38864RP3F307307PA_BH322JDSXY_L1_307307.R2.fastp.fastq.gz,1gpu
pony_L3,/jic/archive/projects/watseq/ECS/pr-raw-watseq/WatSeq-modern_global_reads/data/modern_clean2/Pony_9D38864RP3F307307PB_AH32CJDSXY_L3_307307.R1.fastp.fastq.gz,/jic/archive/projects/watseq/ECS/pr-raw-watseq/WatSeq-modern_global_reads/data/modern_clean2/Pony_9D38864RP3F307307PB_AH32CJDSXY_L3_307307.R2.fastp.fastq.gz,1gpu
pony_L3,/jic/archive/projects/watseq/ECS/pr-raw-watseq/WatSeq-modern_global_reads/data/modern_clean2/Pony_9D38864RP3F307307PB_AH33CYDSXY_L3_307307.R1.fastp.fastq.gz,/jic/archive/projects/watseq/ECS/pr-raw-watseq/WatSeq-modern_global_reads/data/modern_clean2/Pony_9D38864RP3F307307PB_AH33CYDSXY_L3_307307.R2.fastp.fastq.gz,1gpu
prof_marshall_L4,/jic/archive/projects/watseq/ECS/pr-raw-watseq/WatSeq-modern_global_reads/data/modern_clean2/Prof-Marshall_9D38936RP3F315315PA_AH33CYDSXY_L4_315315.R1.fastp.fastq.gz,/jic/archive/projects/watseq/ECS/pr-raw-watseq/WatSeq-modern_global_reads/data/modern_clean2/Prof-Marshall_9D38936RP3F315315PA_AH33CYDSXY_L4_315315.R2.fastp.fastq.gz,1gpu
prof_marshall_L3,/jic/archive/projects/watseq/ECS/pr-raw-watseq/WatSeq-modern_global_reads/data/modern_clean2/Prof-Marshall_9D38936RP3F315315PB_AH32CJDSXY_L3_315315.R1.fastp.fastq.gz,/jic/archive/projects/watseq/ECS/pr-raw-watseq/WatSeq-modern_global_reads/data/modern_clean2/Prof-Marshall_9D38936RP3F315315PB_AH32CJDSXY_L3_315315.R2.fastp.fastq.gz,1gpu
prof_marshall_L3,/jic/archive/projects/watseq/ECS/pr-raw-watseq/WatSeq-modern_global_reads/data/modern_clean2/Prof-Marshall_9D38936RP3F315315PB_AH33CYDSXY_L3_315315.R1.fastp.fastq.gz,/jic/archive/projects/watseq/ECS/pr-raw-watseq/WatSeq-modern_global_reads/data/modern_clean2/Prof-Marshall_9D38936RP3F315315PB_AH33CYDSXY_L3_315315.R2.fastp.fastq.gz,1gpu
prophet_L01,/jic/archive/projects/watseq/My_Book_Duo/Prophet_DP8400011475TR_L01_549.R1.fastq.gz,/jic/archive/projects/watseq/My_Book_Duo/Prophet_DP8400011475TR_L01_549.R2.fastq.gz,1gpu
prophet_L01,/jic/archive/projects/watseq/My_Book_Duo/Prophet_DP8400011475TR_L01_550.R1.fastq.gz,/jic/archive/projects/watseq/My_Book_Duo/Prophet_DP8400011475TR_L01_550.R2.fastq.gz,1gpu
prophet_L01,/jic/archive/projects/watseq/My_Book_Duo/Prophet_DP8400011526TL_L01_549.R1.fastq.gz,/jic/archive/projects/watseq/My_Book_Duo/Prophet_DP8400011526TL_L01_549.R2.fastq.gz,1gpu
prophet_L01,/jic/archive/projects/watseq/My_Book_Duo/Prophet_DP8400011526TL_L01_550.R1.fastq.gz,/jic/archive/projects/watseq/My_Book_Duo/Prophet_DP8400011526TL_L01_550.R2.fastq.gz,1gpu
prophet_L01,/jic/archive/projects/watseq/My_Book_Duo/Prophet_FP200000081BL_L01_549.R1.fastq.gz,/jic/archive/projects/watseq/My_Book_Duo/Prophet_FP200000081BL_L01_549.R2.fastq.gz,1gpu
prophet_L01,/jic/archive/projects/watseq/My_Book_Duo/Prophet_FP200000081BL_L01_550.R1.fastq.gz,/jic/archive/projects/watseq/My_Book_Duo/Prophet_FP200000081BL_L01_550.R2.fastq.gz,1gpu
rabe_L3,/jic/archive/projects/watseq/ECS/pr-raw-watseq/WatSeq-modern_global_reads/data/modern_clean2/Rabe_9D38851RP3F334334PB_BH322JDSXY_L3_334334.R1.fastp.fastq.gz,/jic/archive/projects/watseq/ECS/pr-raw-watseq/WatSeq-modern_global_reads/data/modern_clean2/Rabe_9D38851RP3F334334PB_BH322JDSXY_L3_334334.R2.fastp.fastq.gz,1gpu
rabe_L3,/jic/archive/projects/watseq/ECS/pr-raw-watseq/WatSeq-modern_global_reads/data/modern_clean2/Rabe_9D38851RP3F334334PB_BH32JLDSXY_L3_334334.R1.fastp.fastq.gz,/jic/archive/projects/watseq/ECS/pr-raw-watseq/WatSeq-modern_global_reads/data/modern_clean2/Rabe_9D38851RP3F334334PB_BH32JLDSXY_L3_334334.R2.fastp.fastq.gz,1gpu
rabe_L4,/jic/archive/projects/watseq/ECS/pr-raw-watseq/WatSeq-modern_global_reads/data/modern_clean2/Rabe_9D38851RP3F334334PC_BH322JDSXY_L4_334334.R1.fastp.fastq.gz,/jic/archive/projects/watseq/ECS/pr-raw-watseq/WatSeq-modern_global_reads/data/modern_clean2/Rabe_9D38851RP3F334334PC_BH322JDSXY_L4_334334.R2.fastp.fastq.gz,1gpu
rebel_L01,/jic/archive/projects/watseq/My_Book_Duo/Rebel_DP8400011545BL_L01_545.R1.fastq.gz,/jic/archive/projects/watseq/My_Book_Duo/Rebel_DP8400011545BL_L01_545.R2.fastq.gz,1gpu
rebel_L01,/jic/archive/projects/watseq/My_Book_Duo/Rebel_DP8400011545BL_L01_546.R1.fastq.gz,/jic/archive/projects/watseq/My_Book_Duo/Rebel_DP8400011545BL_L01_546.R2.fastq.gz,1gpu
recital_L2,/jic/archive/projects/watseq/ECS/pr-raw-watseq/WatSeq-modern_global_reads/data/modern_clean2/Recital_9D38861RP3F338338PB_BH32CVDSXY_L2_338338.R1.fastp.fastq.gz,/jic/archive/projects/watseq/ECS/pr-raw-watseq/WatSeq-modern_global_reads/data/modern_clean2/Recital_9D38861RP3F338338PB_BH32CVDSXY_L2_338338.R2.fastp.fastq.gz,1gpu
recital_L3,/jic/archive/projects/watseq/ECS/pr-raw-watseq/WatSeq-modern_global_reads/data/modern_clean2/Recital_9D38861RP3F338338PC_BH32CVDSXY_L3_338338.R1.fastp.fastq.gz,/jic/archive/projects/watseq/ECS/pr-raw-watseq/WatSeq-modern_global_reads/data/modern_clean2/Recital_9D38861RP3F338338PC_BH32CVDSXY_L3_338338.R2.fastp.fastq.gz,1gpu
record_L01,/jic/archive/projects/watseq/My_Book_Duo/Record_DP8400011547BL_L01_567.R1.fastq.gz,/jic/archive/projects/watseq/My_Book_Duo/Record_DP8400011547BL_L01_567.R2.fastq.gz,1gpu
record_L01,/jic/archive/projects/watseq/My_Book_Duo/Record_DP8400011547BL_L01_568.R1.fastq.gz,/jic/archive/projects/watseq/My_Book_Duo/Record_DP8400011547BL_L01_568.R2.fastq.gz,1gpu
record_L01,/jic/archive/projects/watseq/My_Book_Duo/Record_FP200000081BL_L01_567.R1.fastq.gz,/jic/archive/projects/watseq/My_Book_Duo/Record_FP200000081BL_L01_567.R2.fastq.gz,1gpu
record_L01,/jic/archive/projects/watseq/My_Book_Duo/Record_FP200000081BL_L01_568.R1.fastq.gz,/jic/archive/projects/watseq/My_Book_Duo/Record_FP200000081BL_L01_568.R2.fastq.gz,1gpu
regent_L01,/jic/archive/projects/watseq/My_Book_Duo/Regent_FP100001187BR_L01_521.R1.fastq.gz,/jic/archive/projects/watseq/My_Book_Duo/Regent_FP100001187BR_L01_521.R2.fastq.gz,1gpu
regent_L01,/jic/archive/projects/watseq/My_Book_Duo/Regent_FP100001187BR_L01_522.R1.fastq.gz,/jic/archive/projects/watseq/My_Book_Duo/Regent_FP100001187BR_L01_522.R2.fastq.gz,1gpu
renan_L4,/jic/archive/projects/watseq/ECS/pr-raw-watseq/WatSeq-modern_global_reads/data/modern_clean2/Renan_9D38880RP3F350350PA_AH32CJDSXY_L4_350350.R1.fastp.fastq.gz,/jic/archive/projects/watseq/ECS/pr-raw-watseq/WatSeq-modern_global_reads/data/modern_clean2/Renan_9D38880RP3F350350PA_AH32CJDSXY_L4_350350.R2.fastp.fastq.gz,1gpu
renan_L1,/jic/archive/projects/watseq/ECS/pr-raw-watseq/WatSeq-modern_global_reads/data/modern_clean2/Renan_9D38880RP3F350350PA_AH32H3DSXY_L1_350350.R1.fastp.fastq.gz,/jic/archive/projects/watseq/ECS/pr-raw-watseq/WatSeq-modern_global_reads/data/modern_clean2/Renan_9D38880RP3F350350PA_AH32H3DSXY_L1_350350.R2.fastp.fastq.gz,1gpu
renan_L3,/jic/archive/projects/watseq/ECS/pr-raw-watseq/WatSeq-modern_global_reads/data/modern_clean2/Renan_9D38880RP3F350350PB_AH32CJDSXY_L3_350350.R1.fastp.fastq.gz,/jic/archive/projects/watseq/ECS/pr-raw-watseq/WatSeq-modern_global_reads/data/modern_clean2/Renan_9D38880RP3F350350PB_AH32CJDSXY_L3_350350.R2.fastp.fastq.gz,1gpu
renan_L4,/jic/archive/projects/watseq/ECS/pr-raw-watseq/WatSeq-modern_global_reads/data/modern_clean2/Renan_9D38880RP3F350350PB_BH32CVDSXY_L4_350350.R1.fastp.fastq.gz,/jic/archive/projects/watseq/ECS/pr-raw-watseq/WatSeq-modern_global_reads/data/modern_clean2/Renan_9D38880RP3F350350PB_BH32CVDSXY_L4_350350.R2.fastp.fastq.gz,1gpu
rendezvous_L01,/jic/archive/projects/watseq/My_Book_Duo/Rendezvous_FP100001186BR_L01_525.R1.fastq.gz,/jic/archive/projects/watseq/My_Book_Duo/Rendezvous_FP100001186BR_L01_525.R2.fastq.gz,1gpu
rendezvous_L01,/jic/archive/projects/watseq/My_Book_Duo/Rendezvous_FP100001186BR_L01_526.R1.fastq.gz,/jic/archive/projects/watseq/My_Book_Duo/Rendezvous_FP100001186BR_L01_526.R2.fastq.gz,1gpu
revelation_L3,/jic/archive/projects/watseq/ECS/pr-raw-watseq/WatSeq-modern_global_reads/data/modern_clean2/Revelation_9D38925RP3F321321PB_AH32CJDSXY_L3_321321.R1.fastp.fastq.gz,/jic/archive/projects/watseq/ECS/pr-raw-watseq/WatSeq-modern_global_reads/data/modern_clean2/Revelation_9D38925RP3F321321PB_AH32CJDSXY_L3_321321.R2.fastp.fastq.gz,1gpu
revelation_L4,/jic/archive/projects/watseq/ECS/pr-raw-watseq/WatSeq-modern_global_reads/data/modern_clean2/Revelation_9D38925RP3F321321PB_AH33CYDSXY_L4_321321.R1.fastp.fastq.gz,/jic/archive/projects/watseq/ECS/pr-raw-watseq/WatSeq-modern_global_reads/data/modern_clean2/Revelation_9D38925RP3F321321PB_AH33CYDSXY_L4_321321.R2.fastp.fastq.gz,1gpu
revelation_L2,/jic/archive/projects/watseq/ECS/pr-raw-watseq/WatSeq-modern_global_reads/data/modern_clean2/Revelation_9D38925RP3F321321PC_BH322JDSXY_L2_321321.R1.fastp.fastq.gz,/jic/archive/projects/watseq/ECS/pr-raw-watseq/WatSeq-modern_global_reads/data/modern_clean2/Revelation_9D38925RP3F321321PC_BH322JDSXY_L2_321321.R2.fastp.fastq.gz,1gpu
rimpaus_bastard_2_L01,/jic/archive/projects/watseq/My_Book_Duo/Rimpaus_Bastard_2_FP100001186BR_L01_527.R1.fastq.gz,/jic/archive/projects/watseq/My_Book_Duo/Rimpaus_Bastard_2_FP100001186BR_L01_527.R2.fastq.gz,1gpu
rimpaus_bastard_2_L01,/jic/archive/projects/watseq/My_Book_Duo/Rimpaus_Bastard_2_FP100001186BR_L01_528.R1.fastq.gz,/jic/archive/projects/watseq/My_Book_Duo/Rimpaus_Bastard_2_FP100001186BR_L01_528.R2.fastq.gz,1gpu
ritzlhoferneu_L4,/jic/archive/projects/watseq/ECS/pr-raw-watseq/WatSeq-modern_global_reads/data/modern_clean2/RitzlhoferNeu_9D38876RP3F346346PA_BH32CVDSXY_L4_346346.R1.fastp.fastq.gz,/jic/archive/projects/watseq/ECS/pr-raw-watseq/WatSeq-modern_global_reads/data/modern_clean2/RitzlhoferNeu_9D38876RP3F346346PA_BH32CVDSXY_L4_346346.R2.fastp.fastq.gz,1gpu
ritzlhoferneu_L1,/jic/archive/projects/watseq/ECS/pr-raw-watseq/WatSeq-modern_global_reads/data/modern_clean2/RitzlhoferNeu_9D38876RP3F346346PB_AH32H3DSXY_L1_346346.R1.fastp.fastq.gz,/jic/archive/projects/watseq/ECS/pr-raw-watseq/WatSeq-modern_global_reads/data/modern_clean2/RitzlhoferNeu_9D38876RP3F346346PB_AH32H3DSXY_L1_346346.R2.fastp.fastq.gz,1gpu
robigus_L01,/jic/archive/projects/watseq/My_Book_Duo/robigus_DP8400011370TR_L01_529.R1.fastq.gz,/jic/archive/projects/watseq/My_Book_Duo/robigus_DP8400011370TR_L01_529.R2.fastq.gz,1gpu
robigus_L01,/jic/archive/projects/watseq/My_Book_Duo/robigus_DP8400011370TR_L01_530.R1.fastq.gz,/jic/archive/projects/watseq/My_Book_Duo/robigus_DP8400011370TR_L01_530.R2.fastq.gz,1gpu
savannah_L01,/jic/archive/projects/watseq/My_Book_Duo/Savannah_DP8400011545BL_L01_543.R1.fastq.gz,/jic/archive/projects/watseq/My_Book_Duo/Savannah_DP8400011545BL_L01_543.R2.fastq.gz,1gpu
savannah_L01,/jic/archive/projects/watseq/My_Book_Duo/Savannah_DP8400011545BL_L01_544.R1.fastq.gz,/jic/archive/projects/watseq/My_Book_Duo/Savannah_DP8400011545BL_L01_544.R2.fastq.gz,1gpu
schweigers_taca_L2,/jic/archive/projects/watseq/ECS/pr-raw-watseq/WatSeq-modern_global_reads/data/modern_clean2/Schweigers-Taca_9D38867RP3F340340PB_BH32CVDSXY_L2_340340.R1.fastp.fastq.gz,/jic/archive/projects/watseq/ECS/pr-raw-watseq/WatSeq-modern_global_reads/data/modern_clean2/Schweigers-Taca_9D38867RP3F340340PB_BH32CVDSXY_L2_340340.R2.fastp.fastq.gz,1gpu
schweigers_taca_L3,/jic/archive/projects/watseq/ECS/pr-raw-watseq/WatSeq-modern_global_reads/data/modern_clean2/Schweigers-Taca_9D38867RP3F340340PC_BH32CVDSXY_L3_340340.R1.fastp.fastq.gz,/jic/archive/projects/watseq/ECS/pr-raw-watseq/WatSeq-modern_global_reads/data/modern_clean2/Schweigers-Taca_9D38867RP3F340340PC_BH32CVDSXY_L3_340340.R2.fastp.fastq.gz,1gpu
shamrock_L3,/jic/archive/projects/watseq/ECS/pr-raw-watseq/WatSeq-modern_global_reads/data/modern_clean2/Shamrock_9D38927RP3F393393PB_AH32CJDSXY_L3_393393.R1.fastp.fastq.gz,/jic/archive/projects/watseq/ECS/pr-raw-watseq/WatSeq-modern_global_reads/data/modern_clean2/Shamrock_9D38927RP3F393393PB_AH32CJDSXY_L3_393393.R2.fastp.fastq.gz,1gpu
shamrock_L4,/jic/archive/projects/watseq/ECS/pr-raw-watseq/WatSeq-modern_global_reads/data/modern_clean2/Shamrock_9D38927RP3F393393PB_BH2WHTDSXY_L4_393393.R1.fastp.fastq.gz,/jic/archive/projects/watseq/ECS/pr-raw-watseq/WatSeq-modern_global_reads/data/modern_clean2/Shamrock_9D38927RP3F393393PB_BH2WHTDSXY_L4_393393.R2.fastp.fastq.gz,1gpu
shamrock_L2,/jic/archive/projects/watseq/ECS/pr-raw-watseq/WatSeq-modern_global_reads/data/modern_clean2/Shamrock_9D38927RP3F393393PC_AH325HDSXY_L2_393393.R1.fastp.fastq.gz,/jic/archive/projects/watseq/ECS/pr-raw-watseq/WatSeq-modern_global_reads/data/modern_clean2/Shamrock_9D38927RP3F393393PC_AH325HDSXY_L2_393393.R2.fastp.fastq.gz,1gpu
shamrock_L4,/jic/archive/projects/watseq/ECS/pr-raw-watseq/WatSeq-modern_global_reads/data/modern_clean2/Shamrock_9D38927RP3F393393PC_AH32CJDSXY_L4_393393.R1.fastp.fastq.gz,/jic/archive/projects/watseq/ECS/pr-raw-watseq/WatSeq-modern_global_reads/data/modern_clean2/Shamrock_9D38927RP3F393393PC_AH32CJDSXY_L4_393393.R2.fastp.fastq.gz,1gpu
shango_L3,/jic/archive/projects/watseq/ECS/pr-raw-watseq/WatSeq-modern_global_reads/data/modern_clean2/Shango_9D38933RP3F309309PB_AH33CYDSXY_L3_309309.R1.fastp.fastq.gz,/jic/archive/projects/watseq/ECS/pr-raw-watseq/WatSeq-modern_global_reads/data/modern_clean2/Shango_9D38933RP3F309309PB_AH33CYDSXY_L3_309309.R2.fastp.fastq.gz,1gpu
shango_L4,/jic/archive/projects/watseq/ECS/pr-raw-watseq/WatSeq-modern_global_reads/data/modern_clean2/Shango_9D38933RP3F309309PC_AH33CYDSXY_L4_309309.R1.fastp.fastq.gz,/jic/archive/projects/watseq/ECS/pr-raw-watseq/WatSeq-modern_global_reads/data/modern_clean2/Shango_9D38933RP3F309309PC_AH33CYDSXY_L4_309309.R2.fastp.fastq.gz,1gpu
slejpner_L3,/jic/archive/projects/watseq/ECS/pr-raw-watseq/WatSeq-modern_global_reads/data/modern_clean2/Slejpner_9D38850RP3F333333PB_BH322JDSXY_L3_333333.R1.fastp.fastq.gz,/jic/archive/projects/watseq/ECS/pr-raw-watseq/WatSeq-modern_global_reads/data/modern_clean2/Slejpner_9D38850RP3F333333PB_BH322JDSXY_L3_333333.R2.fastp.fastq.gz,1gpu
slejpner_L4,/jic/archive/projects/watseq/ECS/pr-raw-watseq/WatSeq-modern_global_reads/data/modern_clean2/Slejpner_9D38850RP3F333333PC_BH322JDSXY_L4_333333.R1.fastp.fastq.gz,/jic/archive/projects/watseq/ECS/pr-raw-watseq/WatSeq-modern_global_reads/data/modern_clean2/Slejpner_9D38850RP3F333333PC_BH322JDSXY_L4_333333.R2.fastp.fastq.gz,1gpu
soissons_L1,/jic/archive/projects/watseq/ECS/pr-raw-watseq/WatSeq-modern_global_reads/data/modern_clean2/Soissons_9D38863RP3F305305PA_BH322JDSXY_L1_305305.R1.fastp.fastq.gz,/jic/archive/projects/watseq/ECS/pr-raw-watseq/WatSeq-modern_global_reads/data/modern_clean2/Soissons_9D38863RP3F305305PA_BH322JDSXY_L1_305305.R2.fastp.fastq.gz,1gpu
soissons_L4,/jic/archive/projects/watseq/ECS/pr-raw-watseq/WatSeq-modern_global_reads/data/modern_clean2/Soissons_9D38863RP3F305305PA_BH327VDSXY_L4_305305.R1.fastp.fastq.gz,/jic/archive/projects/watseq/ECS/pr-raw-watseq/WatSeq-modern_global_reads/data/modern_clean2/Soissons_9D38863RP3F305305PA_BH327VDSXY_L4_305305.R2.fastp.fastq.gz,1gpu
soissons_L4,/jic/archive/projects/watseq/ECS/pr-raw-watseq/WatSeq-modern_global_reads/data/modern_clean2/Soissons_9D38863RP3F305305PB_AH33CYDSXY_L4_305305.R1.fastp.fastq.gz,/jic/archive/projects/watseq/ECS/pr-raw-watseq/WatSeq-modern_global_reads/data/modern_clean2/Soissons_9D38863RP3F305305PB_AH33CYDSXY_L4_305305.R2.fastp.fastq.gz,1gpu
soleil_L01,/jic/archive/projects/watseq/My_Book_Duo/Soleil_FP100001131BL_L01_525.R1.fastq.gz,/jic/archive/projects/watseq/My_Book_Duo/Soleil_FP100001131BL_L01_525.R2.fastq.gz,1gpu
soleil_L01,/jic/archive/projects/watseq/My_Book_Duo/Soleil_FP100001131BL_L01_526.R1.fastq.gz,/jic/archive/projects/watseq/My_Book_Duo/Soleil_FP100001131BL_L01_526.R2.fastq.gz,1gpu
solstice_L2,/jic/archive/projects/watseq/ECS/pr-raw-watseq/WatSeq-modern_global_reads/data/modern_clean2/solstice_9D38895RP3F368368PB_AH32H3DSXY_L2_368368.R1.fastp.fastq.gz,/jic/archive/projects/watseq/ECS/pr-raw-watseq/WatSeq-modern_global_reads/data/modern_clean2/solstice_9D38895RP3F368368PB_AH32H3DSXY_L2_368368.R2.fastp.fastq.gz,1gpu
solstice_L3,/jic/archive/projects/watseq/ECS/pr-raw-watseq/WatSeq-modern_global_reads/data/modern_clean2/solstice_9D38895RP3F368368PC_AH32CJDSXY_L3_368368.R1.fastp.fastq.gz,/jic/archive/projects/watseq/ECS/pr-raw-watseq/WatSeq-modern_global_reads/data/modern_clean2/solstice_9D38895RP3F368368PC_AH32CJDSXY_L3_368368.R2.fastp.fastq.gz,1gpu
solstice_L3,/jic/archive/projects/watseq/ECS/pr-raw-watseq/WatSeq-modern_global_reads/data/modern_clean2/solstice_9D38895RP3F368368PC_AH32H3DSXY_L3_368368.R1.fastp.fastq.gz,/jic/archive/projects/watseq/ECS/pr-raw-watseq/WatSeq-modern_global_reads/data/modern_clean2/solstice_9D38895RP3F368368PC_AH32H3DSXY_L3_368368.R2.fastp.fastq.gz,1gpu
spark_L2,/jic/archive/projects/watseq/ECS/pr-raw-watseq/WatSeq-modern_global_reads/data/modern_clean2/Spark_9D38928RP3F394394PA_AH325HDSXY_L2_394394.R1.fastp.fastq.gz,/jic/archive/projects/watseq/ECS/pr-raw-watseq/WatSeq-modern_global_reads/data/modern_clean2/Spark_9D38928RP3F394394PA_AH325HDSXY_L2_394394.R2.fastp.fastq.gz,1gpu
spark_L3,/jic/archive/projects/watseq/ECS/pr-raw-watseq/WatSeq-modern_global_reads/data/modern_clean2/Spark_9D38928RP3F394394PA_AH32CJDSXY_L3_394394.R1.fastp.fastq.gz,/jic/archive/projects/watseq/ECS/pr-raw-watseq/WatSeq-modern_global_reads/data/modern_clean2/Spark_9D38928RP3F394394PA_AH32CJDSXY_L3_394394.R2.fastp.fastq.gz,1gpu
spark_L4,/jic/archive/projects/watseq/ECS/pr-raw-watseq/WatSeq-modern_global_reads/data/modern_clean2/Spark_9D38928RP3F394394PB_AH32CJDSXY_L4_394394.R1.fastp.fastq.gz,/jic/archive/projects/watseq/ECS/pr-raw-watseq/WatSeq-modern_global_reads/data/modern_clean2/Spark_9D38928RP3F394394PB_AH32CJDSXY_L4_394394.R2.fastp.fastq.gz,1gpu
spark_L4,/jic/archive/projects/watseq/ECS/pr-raw-watseq/WatSeq-modern_global_reads/data/modern_clean2/Spark_9D38928RP3F394394PB_BH2WHTDSXY_L4_394394.R1.fastp.fastq.gz,/jic/archive/projects/watseq/ECS/pr-raw-watseq/WatSeq-modern_global_reads/data/modern_clean2/Spark_9D38928RP3F394394PB_BH2WHTDSXY_L4_394394.R2.fastp.fastq.gz,1gpu
sperber_L1,/jic/archive/projects/watseq/ECS/pr-raw-watseq/WatSeq-modern_global_reads/data/modern_clean2/Sperber_9D38855RP3F332332PB_AH33CYDSXY_L1_332332.R1.fastp.fastq.gz,/jic/archive/projects/watseq/ECS/pr-raw-watseq/WatSeq-modern_global_reads/data/modern_clean2/Sperber_9D38855RP3F332332PB_AH33CYDSXY_L1_332332.R2.fastp.fastq.gz,1gpu
sperber_L4,/jic/archive/projects/watseq/ECS/pr-raw-watseq/WatSeq-modern_global_reads/data/modern_clean2/Sperber_9D38855RP3F332332PB_BH322JDSXY_L4_332332.R1.fastp.fastq.gz,/jic/archive/projects/watseq/ECS/pr-raw-watseq/WatSeq-modern_global_reads/data/modern_clean2/Sperber_9D38855RP3F332332PB_BH322JDSXY_L4_332332.R2.fastp.fastq.gz,1gpu
sperber_L3,/jic/archive/projects/watseq/ECS/pr-raw-watseq/WatSeq-modern_global_reads/data/modern_clean2/Sperber_9D38855RP3F332332PC_AH32CJDSXY_L3_332332.R1.fastp.fastq.gz,/jic/archive/projects/watseq/ECS/pr-raw-watseq/WatSeq-modern_global_reads/data/modern_clean2/Sperber_9D38855RP3F332332PC_AH32CJDSXY_L3_332332.R2.fastp.fastq.gz,1gpu
