sample, total, mapped

Ergo, 94374710, 94231087
ability, 1285439336, 1281806239
Ergo, 94374710, 94231087
Iena, 1231719532, 1229356528
Eros, 1168768848, 1167097599
Highbury, 1178121335, 1176105397
Joss-Cambier, 1148959143, 1146804272
Kontrast, 1195133624, 1192354864
captor, 1210364861, 1206499698
Hybrid46, 1183575025, 1181488786
Koga1, 1211252109, 1209243729
Holdfast, 1156273235, 1154599620
Aronde, 1316034742, 1216648636
Boreonos, 1154126186, 1151367095
Hobbit, 1400612770, 1397860307
Cezanne, 1206351667, 1201617770
Albatross, 1427901516, 1425454059
Avalon, 1232161193, 1230126879
Flair, 1301193405, 1299512860
Bounty, 1312390680, 1307843239
KWS-Santiago, 1081832447, 1079614907
Arminda, 1423279339, 1415165203
MarisHuntsman, 1160086899, 1155457062
B1190189-2, 1380726912, 1377735969
Extrem, 1189908162, 1182258819
blitz, 1185466830, 1180806802
Cimcog26, 1375727903, 1373683104
Crusoe, 1148471475, 1146899802
Camp-Remy, 1332495892, 1329003398
Capo, 1152603766, 1150616314
Flamingo, 1308730824, 1306046533
Cimcog56, 1326400700, 1322752141
Glasgow, 1189871995, 1086495993
malacca, 1235721601, 1233607643
Cappelle-Desprez, 1215456680, 1142739525
denver, 1206611141, 1205004376
Erla-Kolben, 1144623275, 1142943116
Equinox, 1166780405, 1163178988
Florida, 1348937248, 1344143997
Becard-Kachu, 1180166845, 1178338543
Cimcog49, 1147455285, 930558376
Diplomat, 1161991155, 1158082051
Galant, 1216368108, 951429222
Cimcog47, 1671551325, 1667652592
Gabo, 1506164733, 1503595615
Alcedo, 1152632340, 1150243550
Cordiale, 1176175648, 978868153
cimcog32, 1304101809, 1300181747
Maris-Dove, 1320196221, 1315894729
Cimcog3, 1160817317, 1158951262
B1190315-2, 1447917086, 1444756196
Calif, 1213553373, 1212046081
Beaver, 1157409430, 1154005613
Charger, 1395254034, 1370647982
Mironovska, 1332676091, 1330443432
Hereward, 1274577865, 1270389486
Fanal, 1367161668, 1363740595
Marco, 1175875719, 1174212045
Fiorello, 1361938211, 1360144571
Leda, 1166021064, 1163882952
Buster, 1395735209, 1392231042
Courtot, 1172436996, 1170111034
Flame, 1229453517, 1226559582
B1190598-1, 1351172109, 1348297247
B1190302-1, 1353556905, 1351513893
B1190484-1, 1396769253, 1394916074
Moisson, 1171138985, 1167730529
Mahndorfer, 1612546324, 1610148470
B1190522-1, 1390863101, 1388586765
B1190429-1, 1416559581, 1413805868
B1190806-1, 1386935956, 1384223417
B1190468-1, 916923690, 913693714
Cimcog53, 1146020080, 578068620
B1190361-1, 1405981749, 1403214059
Pomerelle, 1300949668, 1299197020
Minister, 1328776821, 1326864105
fidel, 675646993, 674749048
Pavon76, 1154982896, 1153440218
Garcia, 1507009817, 1504889994
Agron, 1448927066, 1447492162
B1190653-1, 1419115048, 1416094694
Maris-Widgeon, 1493743388, 1489805190
B1190023-1, 2144159766, 2138929731
B1190356-1, 1452236585, 1448769764
Peragis, 1174138789, 1171858457
Nautica, 1282282517, 1278264555
Multiweiss, 1283160354, 1281044091
B1190400-1, 1478769467, 1475143339
Pastiche, 1241415249, 1239182814
Grafton, 1785488621, 1782558820
MISR1, 1225824861, 1215959585
Renan, 1173343814, 1171261296
Etoile-de-Choisy, 1427851129, 772230049
Aztec, 1389158202, 1387822840
Pony, 1218540860, 1216969643
Revelation, 1183518689, 1180539629
Pfau, 1171645605, 1150558860
B1190563-1, 2231702147, 2225463352
Opata, 1187971915, 1186055369
Super152, 1417003772, 1414318284
RitzlhoferNeu, 1566178325, 1556450865
Perlo, 1240238961, 1237920334
Muck, 1433241624, 1431467123
Red-Fife, 1439112641, 1436946993
Norman, 1177023607, 834767577
Soissons, 1182924711, 1181143134
Rabe, 1151058662, 1149721977
Obelisk, 1324569003, 1322270099
Pamyat, 1367497828, 1365335183
Alba, 2590510013, 2585855153
Prof-Marshall, 1211402543, 1160901173
Sicco, 1156486814, 1104980371
Shamrock, 1183527590, 1161849061
Spark, 1176177410, 1174626619
Scipion, 1190499954, 1188484294
Riband, 1198256684, 1196390486
Alert, 825070588, 824249129
Reedling, 1221436266, 1218617573
Granada, 1607472120, 1605443481
Stamm101, 1178103950, 1176275227
Recital, 1436599136, 1434105737
Orlando, 1282517926, 1280356572
Rialto, 1224653466, 947412535
Stella, 1209716115, 1207077662
Sperber, 1180707003, 1179116175
Shango, 1380106655, 1349846247
Schweigers-Taca, 1378215071, 1364319030
B1190729-1, 2761750571, 2755079142
solstice, 1172592092, 1170478940
Rimpaus-Braun-known-as-Braun-Rimpau, 1160836384, 873925306
Titus, 1166069461, 1164176918
Tadorna, 1294998703, 1292850394
Svale, 1195284118, 1192884165
Treasure, 1241605411, 1239449758
veritas, 1031379317, 1027490860
Starke2, 1203183654, 1201328411
Slejpner, 1468363518, 1463043107
WATDE0001, 1175157636, 1172309550
Taras, 1165801942, 1164458779
Haven, 1926248059, 1921897989
WATDE0005, 1164943134, 1162584277
Virgo, 1158891822, 1129932104
Vaguedepis, 1164688537, 1161916010
Drauhofener, 2073854740, 2071967415
wasp, 1234249168, 1232911058
Tschermaks, 1401621212, 1398832264
Heine, 1783877117, 1781823155
WATDE0002, 1151797978, 1149985690
B1190079-1, 2809920744, 2803611218
festival, 1616537962, 1615266935
Diablo, 1952144804, 1946521654
Thatcher, 1602277816, 1547780811
Vilmorin27, 1251543719, 1247819870
WATDE0039, 575852204, 569452794
Vilmorin-53, 1173512943, 1171396882
WATDE0007, 1236563060, 1234272221
WATDE0004, 1208271629, 1206131699
WATDE0019, 1162677384, 1161095076
Dorby, 1852757145, 1851054940
WATDE0009, 1157448067, 1155590408
Tremie, 1501432902, 1499021643
WATDE0031, 1143760364, 1141903029
WATDE0024, 1163602571, 1161410231
WATDE0027, 1196698367, 1194519050
WATDE0022, 1160880845, 1159025414
WATDE0020, 1166695984, 1164768004
WATDE0041, 1198378505, 1196509008
WATDE0016, 1157693916, 1155473369
Thor, 1487502101, 1484868558
WATDE0014, 1276239356, 1274378729
WATDE0006, 1267783069, 1266175621
WATDE0021, 1275549729, 1273469633
WATDE0015, 1164761859, 1162938087
WATDE0051, 1155278582, 1152996694
Kosack, 1163274701, 1161689632
WATDE0034, 1170794085, 1168726163
WATDE0011, 1148926303, 1147216613
WATDE0013, 1285603268, 1283263754
WATDE0017, 1161163315, 1159591677
WATDE0035, 1148911314, 1147088622
Longbow, 1009267161, 1008140046
WATDE0054, 1212208451, 1209498769
WATDE0056, 1141278291, 1138529996
WATDE0018, 1176989197, 1175272413
WATDE0008, 1267667067, 1265810820
WATDE0029, 1478308420, 1475588366
Felix, 1860040124, 1857512821
david, 1415260474, 1413529889
WATDE0023, 1141421840, 1139449276
WATDE0038, 1226837091, 1224894652
WATDE0062, 1230301590, 1228165555
WATDE0030, 1163699063, 1161960414
WATDE0040, 1132788391, 1130985361
WATDE0025, 1228676605, 1226534914
Newhaven, 1483583494, 1480179687
WATDE0065, 1149636882, 1147577988
WATDE0028, 1188665785, 1186184032
WATDE0036, 1141741002, 1139835612
WATDE0032, 1215690490, 1212593957
Gawain, 1790472848, 1788968307
Rebel, 1431772315, 1418651834
WATDE0033, 1138649316, 1136993655
WATDE0057, 1136940184, 1134916457
WATDE0037, 1228414338, 1226236920
WATDE0012, 1222637477, 1221243178
Kranich, 1900961173, 1899622395
WATDE0026, 1136307208, 1134377691
Record, 1209104558, 1207674223
WATDE0049, 1122606615, 1120447530
WATDE0045, 1437196026, 1434889294
WATDE0042, 1190620507, 1188890211
WATDE0068, 1140143137, 1138482449
WATDE0087, 1136869881, 1134181680
WATDE0067, 1412337922, 1409740523
WATDE0096, 1136974676, 1133582561
WATDE0046, 1194096461, 1192327448
Catamaran, 1814544775, 1813180009
WATDE0044, 1163762777, 1161810768
WATDE0093, 1254544495, 1250809357
WATDE0099, 1194437878, 1192888028
WATDE0070, 1234817190, 1233026755
WATDE0052, 1135863553, 1134002375
mendel, 1844211281, 1842638496
WATDE0058, 1801223982, 1798394664
WATDE0055, 1134052788, 1132536417
WATDE0059, 1409917831, 1407550394
WATDE0076, 1365658468, 1363211514
WATDE0063, 1133038839, 1130422025
Claire, 2138892891, 2136676267
WATDE0053, 1145630504, 1143937477
WATDE0069, 1204360622, 1202679041
WATDE0071, 1154525693, 1151305268
WATDE0048, 1276154296, 1273631620
WATDE0078, 1153924004, 1152106920
WATDE0050, 1671204882, 1668372912
Capitiane, 2031415318, 2027134278
WATDE0101, 1166402914, 1164785491
WATDE0047, 1197303855, 1195026358
holster, 1620811468, 1619328206
WATDE0064, 1348339584, 1346553973
mina, 2054923448, 2053097822
WATDE0060, 1137863820, 1136009614
WATDE0043, 1312020956, 1309543915
Pepital, 1233777401, 1232694150
WATDE0072, 1136838792, 1134994814
WATDE0127, 1161432551, 1159446209
WATDE0090, 1159592941, 1157458568
WATDE0129, 1151462476, 1149890275
WATDE0111, 1168737946, 1166077649
Rimpaus, 1986604059, 1985076711
WATDE0081, 1148153861, 1146344184
WATDE0088, 1212961880, 1211109336
WATDE0120, 1159239687, 1156318178
WATDE0114, 1186673140, 1184875918
WATDE0075, 1139725206, 1138095056
WATDE0073, 1219826179, 1218232734
WATDE0113, 1170277585, 1168466304
WATDE0094, 1149835844, 1148098014
WATDE0089, 1497128277, 1494566069
WATDE0110, 1321380136, 1319357297
WATDE0112, 1142373233, 1140645723
WATDE0108, 1134441603, 1132701894
Lutin, 1510793803, 1509490563
WATDE0105, 1150520853, 1148585373
eagle, 1946747343, 1945092153
Spitfire, 2061552610, 2059299679
WATDE0095, 1256773386, 1254898265
WATDE0085, 1165770942, 1164069025
Ibis, 1628749722, 1627434782
WATDE0106, 1285421420, 1283654572
WATDE0084, 1251971734, 1249647043
Triumph, 1314862455, 1313657317
WATDE0107, 1132954064, 1131192746
Legend, 1781317532, 1775457432
WATDE0115, 1145508503, 1143886145
WATDE0168, 1130837438, 1129311861
WATDE0082, 1259023036, 1257214689
WATDE0141, 1232722718, 1230702017
Odin, 1809904982, 1808635355
WATDE0097, 1262928165, 1260953414
WATDE0153, 1172967282, 1170989577
WATDE0102, 1147641813, 1146036957
WATDE0145, 1140657062, 1139002374
WATDE0080, 1205345505, 1203242440
WATDE0134, 1142747367, 1141334401
WATDE0117, 1133026782, 1131179193
WATDE0098, 1218333900, 1216523819
WATDE0118, 1136951124, 1134785000
WATDE0181, 1325840558, 1323877680
WATDE0091, 1803682367, 1800153265
WATDE0077, 1361633746, 1359154932
WATDE0066, 1538964089, 1536894819
WATDE0109, 1210043690, 1208133187
WATDE0086, 1158112342, 1156001082
WATDE0164, 1227029633, 1223351078
Soleil, 1571181482, 1569909239
WATDE0138, 1214421058, 1212624709
WATDE0083, 1412217104, 1409635776
WATDE0143, 1145111777, 1143437554
WATDE0074, 1467894329, 1465115879
WATDE0124, 1191954235, 1189842144
WATDE0146, 1138484632, 1137143301
Ikarus, 2239222045, 2234374206
WATDE0136, 1190812341, 1189224511
WATDE0149, 1135326542, 1133338291
WATDE0191, 1467564571, 1465791668
Crest, 1723523664, 1718642577
WATDE0156, 1178859033, 1176961684
WATDE0176, 1134191678, 1131713964
WATDE0104, 1337690832, 1335484214
WATDE0157, 1140153124, 1138187069
WATDE0150, 1231109940, 1229251817
WATDE0169, 1410865312, 1408062867
Rendezvous, 2243097332, 2241153976
WATDE0159, 1144760847, 1143119579
WATDE0182, 1144403203, 1142806225
Banco, 2202713016, 2200455061
WATDE0144, 1355019093, 1353223033
WATDE0116, 1172148731, 1169745707
WATDE0121, 1154952218, 1152594045
WATDE0184, 1318074006, 1315476905
WATDE0119, 1162467555, 1159703542
Lancelot, 1828032939, 1826697079
WATDE0190, 1161639381, 1159543202
WATDE0196, 1124053669, 1121217615
WATDE0133, 1366934779, 1364396488
WATDE0122, 1240693555, 1238354900
WATDE0131, 1163682905, 1162008231
WATDE0246, 1161989243, 1159532003
WATDE0079, 2181579740, 2176467315
WATDE0160, 1343434158, 1341161289
robigus, 2217900971, 2215560041
WATDE0178, 1159730186, 1158289909
WATDE0148, 1291529933, 1289751939
WATDE0194, 1201583196, 1199943606
WATDE0165, 1209901361, 1208281302
Bersee, 2177458267, 2175194304
WATDE0103, 2164047094, 2160813852
WATDE0123, 1254059426, 1251608458
WATDE0152, 1138145452, 1136060573
WATDE0230, 1133487427, 1131775105
WATDE0214, 2244159507, 2240816739
WATDE0233, 1138695802, 1137400856
WATDE0242, 1126634455, 1125129494
Beauchamp, 1715286722, 1713869577
Savannah, 1762322136, 1757810700
WATDE0177, 1261520323, 1259725371
WATDE0258, 1260405671, 1258452346
Trafalgar, 1701990594, 1700616490
WATDE0224, 1161058020, 1159610812
WATDE0243, 1173891608, 1172319409
WATDE0140, 1245018871, 1243016621
WATDE0185, 1174448897, 1172539594
WATDE0239, 1366240307, 1364258979
WATDE0092, 1604070030, 1601576396
WATDE0195, 1135185823, 1133618364
WATDE0205, 1214536329, 1213064379
WATDE0171, 1155226448, 1152976376
WATDE0188, 1560222522, 1558276660
WATDE0126, 1332333301, 1330249938
WATDE0158, 1256529475, 1254608752
WATDE0154, 1739388469, 1736725120
WATDE0174, 1146676778, 1145215190
Druid, 2011638236, 2005345883
Odeon, 1860675116, 1858972846
WATDE0183, 1136838035, 1135245219
Boxer, 1613179276, 1610605590
WATDE0198, 1242664861, 1240469669
WATDE0162, 1422726913, 1420771041
Tandem, 2324000965, 2318886797
Top, 1561478990, 1560237978
WATDE0217, 1169466676, 1167728376
Warrior, 1992749201, 1990808649
WATDE0304, 1166287542, 1164366852
WATDE0211, 1142587811, 1141226859
WATDE0173, 1149985861, 1148438490
WATDE0284, 1165945914, 1163905872
WATDE0204, 1140898393, 1139227080
Erland, 2360535488, 2355100312
WATDE0248, 1328603453, 1326537959
WATDE0247, 1373860450, 1371993284
WATDE0325, 1130107629, 1128482662
WATDE0293, 1147880062, 1144880003
WATDE0199, 1135586696, 1133995302
WATDE0206, 1184350808, 1182879714
WATDE0212, 1236692768, 1234892269
Torfrida, 1969817305, 1935998465
WATDE0234, 1387405223, 1385459573
WATDE0221, 1188416955, 1186879846
WATDE0222, 1270542465, 1268287153
Karat, 2384969315, 2316621632
WATDE0192, 1134584483, 1132477035
WATDE0249, 1183848599, 1181440781
WATDE0223, 1165313384, 1163834237
WATDE0290, 1136451080, 1134822252
WATDE0252, 1327212168, 1325174032
WATDE0180, 1303230457, 1301238251
WATDE0220, 1505253507, 1503333015
Expert, 2223863817, 2221528850
WATDE0255, 1285512823, 1283736772
WATDE0235, 1560703887, 1558766119
WATDE0219, 1546199014, 1543965668
WATDE0232, 1320038081, 1318031744
WATDE0236, 1301813642, 1300263116
WATDE0328, 1144958063, 1141683977
WATDE0250, 1146649869, 1144963250
WATDE0207, 1137636969, 1136261784
WATDE0216, 1144552199, 1142810692
WATDE0306, 1195503141, 1192875911
WATDE0268, 1307283176, 1305172907
WATDE0200, 1611281771, 1608314151
WATDE0228, 1119928906, 1118326907
WATDE0229, 1642024382, 1639844453
WATDE0280, 1142217675, 1140571536
Bandit, 1718628226, 1717159873
WATDE0215, 1195400932, 1192888728
WATDE0175, 1579368838, 1576743603
WATDE0253, 1137448551, 1134110487
WATDE0209, 1201053976, 1199671931
WATDE0323, 1182700612, 1181028245
Galahad, 2654055076, 2651537038
WATDE0276, 1172137882, 1170293601
WATDE0237, 1233832681, 1232134741
WATDE0241, 1172696507, 1170400679
WATDE0294, 1409706323, 1407387022
WATDE0203, 1254979121, 1253489197
WATDE0225, 1135598328, 1134257734
Stava, 2178688623, 1458996368
WATDE0291, 1146415293, 1144350309
WATDE0277, 1136572916, 1134693636
WATDE0288, 1183785155, 1181105804
WATDE0346, 1149616038, 1147207068
WATDE0259, 1225463666, 1223911290
WATDE0262, 1317065218, 1315110990
Drake, 2522758207, 2515437073
WATDE0303, 1246138729, 1244051619
mercia, 2188059785, 2186144672
WATDE0281, 1335986906, 1333698745
WATDE0331, 1142187914, 1139002866
WATDE0273, 1148359796, 1145037058
WATDE0285, 1437337433, 1434599556
WATDE0275, 1168675168, 1166624709
WATDE0334, 1155458313, 1150503183
WATDE0308, 1143140794, 1141170675
Consort, 2183281962, 2181273956
WATDE0257, 1200691280, 1198016364
WATDE0321, 1346067455, 1344045532
WATDE0227, 1508033729, 1505934108
WATDE0260, 1521061623, 1518760942
WATDE0282, 1238854174, 1235277698
WATDE0296, 1209656628, 1206947428
WATDE0264, 1236303735, 1234672825
WATDE0263, 1266566328, 1264609084
WATDE0272, 1201234251, 1198553690
WATDE0266, 1155237967, 1153635123
WATDE0361, 1210351740, 1208465987
WATDE0270, 1188111064, 1186107359
Disponent, 2455561324, 2449764265
WATDE0337, 1137923758, 1135183487
WATDE0344, 1156524351, 1153420447
WATDE0310, 1155844362, 1154217542
WATDE0238, 1201790014, 1199937843
WATDE0315, 1154238172, 1152387296
Almus, 2271880736, 2265913535
WATDE0287, 1155420188, 1153578514
WATDE0301, 1146598521, 1144177267
WATDE0286, 1166549019, 1164819489
WATDE0355, 1198606332, 1196455440
WATDE0271, 1422633462, 1420355729
WATDE0254, 1142071051, 1140831768
WATDE0385, 1156358126, 1154997706
WATDE0386, 1141421343, 1139548421
WATDE0302, 1149435404, 1147688158
WATDE0354, 1128487654, 1126736646
WATDE0317, 1172780555, 1170903941
WATDE0299, 1460076621, 1457492060
WATDE0340, 1146518803, 1144410268
WATDE0359, 1142821269, 1140815828
WATDE0335, 1215912774, 1214066215
WATDE0298, 1185811176, 1184051694
WATDE0336, 1176251626, 1173429525
WATDE0312, 1297484853, 1295297943
WATDE0363, 1163131526, 1161216364
WATDE0392, 1115816697, 1114243608
WATDE0187, 1571754425, 1569045105
WATDE0358, 1270370955, 1268257543
WATDE0318, 1551778525, 1549084428
WATDE0347, 1171676180, 1169362647
WATDE0369, 1138952070, 1137048004
Voyage, 1986805804, 1981810418
WATDE0324, 1316987623, 1314536219
WATDE0370, 1145414376, 1143600441
WATDE0348, 1173021695, 1170961003
WATDE0313, 1229766794, 1226271121
WATDE0368, 1127521288, 1124769299
WATDE0244, 1699388061, 1697027950
WATDE0333, 1128978493, 1126657296
WATDE0381, 1231357047, 1228219799
WATDE0377, 1140199914, 1138059937
fielder, 2769127154, 2743714000
WATDE0411, 1152634569, 1150198659
WATDE0409, 1151956806, 1148592784
WATDE0332, 1270081263, 1267293673
WATDE0343, 1325204200, 1322836995
WATDE0319, 1348626123, 1345708467
WATDE0383, 1269816037, 1267655451
Banner, 2062014703, 2056640730
WATDE0352, 1399649715, 1397404445
Urban, 2016382377, 2015182302
Encore, 1992009637, 1990331123
WATDE0356, 1154513282, 1152668950
WATDE0366, 1219250704, 1217030461
WATDE0419, 1196891045, 1194282308
WATDE0378, 1141080853, 1139196054
WATDE0342, 1123219940, 1120098667
WATDE0445, 1146022916, 1143652176
WATDE0329, 1138338342, 1136362275
WATDE0372, 1264321765, 1260420342
WATDE0431, 1217962930, 1215992424
WATDE0353, 1158513807, 1155996748
WATDE0441, 1266618123, 1264223632
WATDE0412, 1182643335, 1180864215
WATDE0413, 1157023767, 1154553703
WATDE0427, 1133006443, 1131252219
WATDE0452, 1260326259, 1257359394
WATDE0429, 1127402162, 1124569096
WATDE0391, 1138299737, 1136641569
WATDE0345, 1256447027, 1254554417
WATDE0382, 1139161142, 1137587946
WATDE0465, 1283408188, 1281678686
WATDE0375, 1131143110, 1128958580
WATDE0432, 1129736950, 1128128687
WATDE0316, 1275796272, 1273789859
WATDE0430, 1154228016, 1151242163
WATDE0365, 1443550214, 1440907628
WATDE0403, 1164099044, 1161871974
WATDE0417, 1164046650, 1161816637
WATDE0496, 1181313461, 1178962704
WATDE0379, 1169933588, 1168099461
Regent, 2163727885, 2162382193
WATDE0374, 1137609616, 1135852284
WATDE0387, 1384604083, 1381650295
WATDE0436, 1302901117, 1300702388
WATDE0435, 1299343638, 1297296896
WATDE0397, 1329761752, 1327850271
Oenus, 2382782961, 2380375550
WATDE0425, 1250233178, 1247293584
WATDE0405, 1160096036, 1157908849
WATDE0373, 1134178303, 1132243305
WATDE0371, 1131685146, 1129857613
WATDE0350, 1145776666, 1143714352
WATDE0401, 1137792513, 1135074484
WATDE0394, 1156647843, 1154595422
WATDE0451, 1263086022, 1258743811
avocet, 2709798604, 2707465365
WATDE0456, 1202887537, 1201207364
WATDE0474, 1178425122, 1176673971
WATDE0408, 1179446114, 1177253047
WATDE0426, 1158737206, 1156330165
WATDE0428, 1135638504, 1133807406
WATDE0424, 1179533288, 1173085078
WATDE0434, 1157872209, 1155634200
WATDE0404, 1406994287, 1404543891
WATDE0461, 1188811969, 1186659614
WATDE0410, 1278836443, 1276731039
WATDE0421, 1129412854, 1127723330
Turpin, 2554364312, 2548705314
WATDE0471, 1158153385, 1156129031
WATDE0389, 1181743692, 1180232847
Walde, 1941861555, 1939514287
WATDE0439, 1171001669, 1168773063
WATDE0396, 1277548211, 1275612000
WATDE0520, 1436350445, 1434030399
WATDE0420, 1128643014, 1126894499
WATDE0442, 1185213773, 1182141225
WATDE0500, 1225157639, 1222519549
WATDE0482, 1149048972, 1147243983
WATDE0502, 1303916867, 1301878343
WATDE0453, 1296086655, 1293714042
torch, 2028246540, 2025753722
WATDE0448, 1283121571, 1280769896
WATDE0440, 1151923033, 1149655730
WATDE0552, 1342940698, 1340163394
WATDE0455, 1162025116, 1160070176
WATDE0486, 1466166884, 1463443343
WATDE0438, 1233935139, 1232247546
WATDE0527, 1149797802, 1147983962
WATDE0423, 1186929274, 1184747435
WATDE0415, 1230221436, 1226498122
WATDE0513, 1330452338, 1327823522
WATDE0433, 1218860082, 1216898990
WATDE0449, 1198180310, 1196231097
WATDE0479, 1147212499, 1144726423
WATDE0454, 1242817729, 1240703623
WATDE0457, 1128575992, 1127011205
WATDE0512, 1192871002, 1190923893
WATDE0481, 1209762666, 1207540732
WATDE0444, 1478252783, 1475336125
WATDE0540, 1150334359, 1147952512
WATDE0450, 1196427666, 1194182814
WATDE0531, 1213739853, 1211019853
Tanker, 1973370482, 1968231368
WATDE0503, 1160659596, 1158842580
WATDE0539, 1164341442, 1162036689
WATDE0518, 1164398179, 1162669245
WATDE0399, 1605811057, 1603166317
WATDE0407, 1630106716, 1626929149
WATDE0577, 1251806664, 1250026717
WATDE0596, 1154060148, 1152361866
WATDE0488, 1152298288, 1150075611
WATDE0443, 1253096845, 1250980933
WATDE0490, 1257395445, 1254681916
WATDE0549, 1245327193, 1243396247
WATDE0515, 1148915567, 1146546042
WATDE0446, 1421898555, 1418413823
WATDE0529, 1320943147, 1317657224
WATDE0507, 1165612993, 1163789146
WATDE0553, 1170660771, 1168732270
WATDE0537, 1183297192, 1181331247
WATDE0487, 1275409869, 1273285612
WATDE0460, 1469050828, 1466630769
WATDE0601, 1164828750, 1163250094
WATDE0511, 1250805975, 1248574039
WATDE0547, 1152226560, 1150237496
WATDE0541, 1153933889, 1151557480
WATDE0561, 1223229412, 1221228790
WATDE0492, 1170150674, 1168068745
WATDE0484, 1199833764, 1197664765
WATDE0627, 1196128591, 1193844086
WATDE0581, 1139653773, 1137846538
WATDE0538, 1481601270, 1479212449
WATDE0558, 1144660230, 1142786547
WATDE0462, 1560392721, 1557841567
WATDE0524, 1156158336, 1154006949
WATDE0494, 1399266152, 1396776945
WATDE0477, 1260313131, 1257854200
WATDE0463, 1528274626, 1522792810
WATDE0597, 1195086174, 1192843299
WATDE0546, 1162138460, 1159289311
WATDE0467, 1383565739, 1381149077
WATDE0556, 1243340166, 1241303880
WATDE0567, 1549205864, 1546225530
WATDE0543, 1405488637, 1402049409
WATDE0669, 1141324995, 1139553415
WATDE0569, 1173399701, 1171259645
WATDE0609, 1170125126, 1168323811
WATDE0586, 1273346766, 1270959343
WATDE0469, 1506827449, 1503887658
WATDE0509, 1297487274, 1295113099
WATDE0505, 1255043602, 1253374006
WATDE0674, 1258037721, 1255457340
WATDE0566, 1231475504, 1229373195
WATDE0568, 1306604692, 1303910881
WATDE0489, 1262335497, 1260041482
WATDE0522, 1360829296, 1358471516
WATDE0618, 1191449991, 1188656848
WATDE0519, 1133228820, 1131171821
WATDE0516, 1333839804, 1331559642
WATDE0533, 1384448389, 1381510203
WATDE0585, 1383707899, 1381561876
WATDE0599, 1380961875, 1378375134
WATDE0653, 1137844662, 1135787954
WATDE0501, 1480585764, 1478634823
WATDE0555, 1513822233, 1511427712
Prophet, 3256448547, 3252887652
WATDE0579, 1330303815, 1328166444
WATDE0536, 1513754148, 1511086217
WATDE0544, 1369947802, 1366724789
WATDE0608, 1163962119, 1160908258
WATDE0572, 1190680961, 1188385337
WATDE0640, 1189687392, 1187296224
WATDE0562, 1577217275, 1573732530
WATDE0557, 1317487114, 1315294169
Vocal, 2089022238, 2081893770
WATDE0603, 1577929518, 1574803265
WATDE0675, 1152363992, 1150639234
Sportsman, 2311678584, 2309771208
WATDE0615, 1284190472, 1281074178
WATDE0542, 1206326530, 1203221271
WATDE0693, 1253772627, 1251734280
WATDE0672, 1250819301, 1248526563
WATDE0563, 1178994493, 1176328858
WATDE0604, 1139351171, 1137705263
WATDE0550, 1651687148, 1649063440
WATDE0504, 1508261165, 1505517269
WATDE0616, 1217477094, 1215549637
WATDE0617, 1188809985, 1187103911
WATDE0510, 1556287504, 1553409908
WATDE0614, 1185127507, 1182679657
WATDE0620, 1220845279, 1218779027
WATDE0652, 1155993700, 1153039040
WATDE0565, 1349602685, 1347247690
WATDE0660, 1330742115, 1327988605
WATDE0622, 1390533192, 1388146794
WATDE0686, 1313966456, 1310491114
WATDE0687, 1263099309, 1260671251
WATDE0521, 1264269389, 1261448301
WATDE0638, 1160730488, 1158788258
WATDE0650, 1363807085, 1360474560
WATDE0676, 1591231261, 1588758501
WATDE0602, 1333674111, 1330754116
WATDE0589, 1415796850, 1413191947
WATDE0628, 1166657316, 1164585121
WATDE0680, 1136895829, 1134968476
WATDE0663, 1150329480, 1148150736
WATDE0598, 1817375368, 1813543287
WATDE0560, 1410490315, 1407784105
WATDE0634, 1164937488, 1163430205
WATDE0646, 1183724542, 1180579899
WATDE0678, 1135595464, 1133906351
WATDE0648, 1197927953, 1195462084
WATDE0498, 1484118234, 1481703677
WATDE0630, 1434554348, 1431873768
WATDE0624, 1484162576, 1481425476
WATDE0643, 1173465212, 1171806482
WATDE0671, 1165807446, 1164131947
WATDE0591, 1149539713, 1147622411
WATDE0649, 1177528840, 1175636253
WATDE0632, 1329126555, 1326073233
WATDE0631, 1273648221, 1271800153
WATDE0662, 1226264807, 1223623267
WATDE0592, 1285395749, 1283543999
WATDE0651, 1238475906, 1235826350
WATDE0659, 1339554602, 1337619621
WATDE0588, 1136941963, 1135157791
WATDE0570, 1181627079, 1179372985
WATDE0664, 1124215520, 1122745173
WATDE0606, 1165796416, 1163230450
WATDE0655, 1224684505, 1222494829
WATDE0611, 1226971022, 1224883090
WATDE0636, 1199128333, 1197220763
WATDE0578, 1341912198, 1339340883
WATDE0658, 1188442268, 1186093423
WATDE0700, 1197368080, 1195025971
WATDE0763, 1298757981, 1296424657
WATDE0689, 1175792139, 1173849609
Norda, 3156740672, 3154072270
WATDE0613, 1405160328, 1403308311
WATDE0610, 1604168113, 1600902164
WATDE0694, 1157953687, 1154991815
WATDE0639, 1470090439, 1467542939
WATDE0685, 1467951759, 1465508841
WATDE0665, 1450976323, 1448588480
WATDE0725, 1531199155, 1528734591
WATDE0657, 1155460370, 1153503455
WATDE0682, 1196220225, 1194345205
WATDE0695, 1219221445, 1217284939
WATDE0699, 1239053589, 1237012779
WATDE0732, 1260041148, 1258074125
WATDE0749, 1214946883, 1212960886
WATDE0751, 1308651336, 1306725469
WATDE0710, 1267163690, 1264751316
WATDE0735, 1235113645, 1232809689
WATDE0736, 1238729430, 1236642402
WATDE0574, 1309771579, 1307470762
WATDE0705, 1138478569, 1136239351
WATDE0534, 1328905900, 1326891269
WATDE0727, 1166127400, 1164478395
WATDE0701, 1162991396, 1161205676
WATDE0723, 1229984476, 1228096239
WATDE0738, 1323482986, 1321369853
WATDE0728, 1176217701, 1174031478
WATDE0718, 1574072122, 1571712581
WATDE0707, 1224746918, 1222705850
WATDE0571, 1757537798, 1754654783
WATDE0683, 1424638522, 1422191524
WATDE0704, 1470956663, 1468156646
WATDE0739, 1157322994, 1155515899
WATDE0752, 1302192333, 1299838800
WATDE0679, 1182244212, 1180637774
WATDE0688, 1346658421, 1344427293
WATDE0709, 1152824960, 1151134565
WATDE0594, 1291605373, 1289711254
WATDE0626, 1340445943, 1337693019
WATDE0713, 1200839315, 1199010561
WATDE0720, 1315749532, 1311926072
WATDE0635, 1213337117, 1211450654
WATDE0706, 1278514468, 1276692724
WATDE0670, 1132049631, 1130127281
WATDE0716, 1379107986, 1376378259
WATDE0740, 1172664151, 1170874666
WATDE0697, 1318016695, 1315303074
WATDE0712, 1208366944, 1206070154
WATDE0582, 1498504873, 1495624098
WATDE0743, 1149986697, 1147449886
WATDE0745, 1162029536, 1159814248
WATDE0758, 1428078531, 1425967136
WATDE0798, 1284581273, 1282057951
WATDE0773, 1398008320, 1395779928
WATDE0750, 1408082051, 1405399162
WATDE0802, 1258226616, 1256343205
WATDE0788, 1151646358, 1149398459
WATDE0729, 1615423783, 1612415124
WATDE0830, 1133656234, 1131652446
WATDE0730, 1578700806, 1576026355
WATDE0661, 1500246089, 1498050348
WATDE0644, 1218842000, 1216817173
WATDE0754, 1323460104, 1321194770
WATDE0702, 1361409086, 1359098171
WATDE0761, 1252507720, 1250366398
WATDE0821, 1342652163, 1340625400
WATDE0744, 1400711404, 1398576270
WATDE0703, 1479693748, 1477075504
WATDE0641, 1193808645, 1191867119
WATDE0759, 1771263933, 1767767683
WATDE0828, 1145419242, 1143262208
WATDE0810, 1265860482, 1263746656
WATDE0770, 1272496321, 1270626403
WATDE0816, 1163621163, 1161427182
WATDE0863, 1199044672, 1197250932
WATDE0747, 1296481963, 1293873363
WATDE0737, 1402592349, 1400236156
WATDE0845, 1651918961, 1648746711
WATDE0783, 2083478091, 2078731577
WATDE0782, 1307027253, 1304924950
WATDE0786, 2915938592, 2905791035
WATDE0774, 1185671523, 1182529788
WATDE0831, 1180306447, 1177635019
WATDE0819, 1149457760, 1147029424
WATDE0804, 1250509849, 1247776408
WATDE0846, 1148285567, 1146177740
WATDE0666, 1237654591, 1236026953
WATDE0795, 1263831131, 1261872827
WATDE0817, 1145637717, 1143616707
WATDE0915, 1154311846, 1151506403
WATDE0756, 1430848040, 1428197049
WATDE0814, 1144827054, 1143083420
WATDE0760, 1877461547, 1874308605
WATDE0779, 1580173920, 1577663637
WATDE0667, 1425123059, 1422029549
WATDE0805, 1239002717, 1237031913
WATDE0835, 1168644522, 1166844738
WATDE0826, 1142989520, 1140643121
WATDE0873, 1157776805, 1156098929
WATDE0854, 1131749781, 1129858974
WATDE0803, 1216027561, 1213431826
WATDE0862, 1149401116, 1146842535
WATDE0823, 1144177995, 1142131229
WATDE0914, 1440196808, 1437702442
WATDE0896, 1218744925, 1216464307
WATDE0843, 1162410235, 1160492028
WATDE0857, 1159942450, 1157695121
WATDE0726, 1213081919, 1211225669
WATDE0748, 1589328809, 1586337643
WATDE0881, 1161723341, 1159659616
WATDE0742, 1247415375, 1245543850
WATDE0874, 1153149735, 1151091949
WATDE0877, 1172150536, 1170300765
WATDE0721, 1244088751, 1242135779
WATDE0791, 1334581166, 1331377284
WATDE0815, 1315285968, 1311865068
WATDE0836, 1357212225, 1354600223
WATDE0765, 1254052895, 1252401594
WATDE0859, 1273150182, 1270950374
WATDE0755, 1938475411, 1934955297
WATDE0880, 1837543130, 1833372300
WATDE0871, 1231370172, 1229526649
WATDE0901, 1190703563, 1188837138
WATDE0808, 1426169713, 1423876054
WATDE0691, 1683090874, 1680257897
WATDE0872, 1141123980, 1139241424
WATDE0771, 1198534256, 1196867132
WATDE0864, 1287492758, 1285520069
WATDE0882, 1216176633, 1214178775
WATDE0776, 1154762535, 1152972061
WATDE0807, 1178588832, 1176519135
WATDE0865, 1211078048, 1209248910
WATDE0785, 2690700456, 2684518882
WATDE0912, 1144473817, 1142415853
WATDE0894, 1277309536, 1274674834
WATDE0851, 1400792110, 1398158167
WATDE0876, 1341356483, 1339200146
WATDE0889, 1278476320, 1276533391
WATDE0812, 1227288587, 1225179873
WATDE0811, 1155934864, 1153992373
WATDE0895, 1196366849, 1194263543
WATDE0947, 2323782842, 2319094384
WATDE0775, 1969518620, 1965800819
WATDE0883, 1162605118, 1160076578
WATDE0888, 1236386294, 1234545675
WATDE0869, 1325144718, 1323250085
WATDE0856, 1472858250, 1470530916
WATDE0887, 1141245691, 1139437172
WATDE0898, 1282700431, 1280030244
WATDE0789, 2069243102, 2064875381
WATDE0918, 1149383099, 1147600744
WATDE0825, 1172967164, 1171191706
WATDE0899, 1164101395, 1161810737
WATDE0875, 1326303613, 1324321528
WATDE0833, 1157840468, 1156033172
WATDE0928, 1857672220, 1855040546
WATDE0902, 1170992271, 1169102425
WATDE0995, 1247340625, 1245160422
WATDE0907, 1426250291, 1423626684
WATDE0911, 1147840379, 1146159189
WATDE0861, 1221627250, 1219461981
WATDE0905, 1247791070, 1245605030
WATDE0923, 1180076995, 1178344804
WATDE0906, 1211022529, 1209186899
WATDE0981, 1233209956, 1230555948
WATDE0922, 1157227601, 1155412164
WATDE0766, 1817648727, 1814133260
WATDE0827, 1150934154, 1149194513
WATDE0913, 1408677922, 1406175268
WATDE0910, 1152281042, 1149481214
WATDE0884, 1205164676, 1203347389
WATDE0818, 1334948472, 1332291924
WATDE0954, 1261304568, 1259442153
WATDE0900, 1307876149, 1305846608
WATDE0951, 4176359536, 4170158232
WATDE1019, 1260176558, 1257977742
WATDE1038, 1178819957, 1177074472
WATDE1034, 1166810838, 1164688759
WATDE0986, 1236469624, 1234215242
WATDE0852, 1255375289, 1252882007
WATDE0917, 1302092916, 1300263705
WATDE0892, 1406784425, 1403844286
WATDE0878, 1141370122, 1139174942
WATDE0890, 1443110212, 1440568219
WATDE1061, 1314468744, 1312002714
WATDE1060, 1165840865, 1163932866
WATDE0970, 1245816989, 1243751688
WATDE1012, 1136968656, 1135040544
WATDE0769, 2163607111, 2159424113
WATDE0879, 1189118445, 1187697191
WATDE0909, 1424213663, 1421853832
WATDE0965, 1212393300, 1210827840
WATDE0993, 1223781512, 1221945951
WATDE0919, 1406171876, 1404191992
WATDE0904, 1225145162, 1222961168
WATDE0967, 1199028876, 1197267072
WATDE0916, 1210072137, 1208091045
WATDE0975, 1174342673, 1172384757
WATDE0969, 1240622897, 1238619777
WATDE0840, 2565869709, 2560816248
WATDE0966, 1260088959, 1258245681
WATDE0957, 1735922829, 1732772519
WATDE0979, 1314748618, 1311723181
WATDE1046, 1214825316, 1212665939
WATDE0800, 2093838596, 2090188890
WATDE0903, 1348782716, 1346154851
WATDE0961, 1305590994, 1303511992
WATDE0997, 1187274070, 1185339159
WATDE0958, 1413290512, 1410402425
WATDE0935, 1640266150, 1637715463
WATDE1010, 1238908424, 1236816359
WATDE0305, 4472408577, 4461265455
WATDE0977, 1325357843, 1322673646
WATDE1021, 1535763850, 1533020181
WATDE0963, 1272072016, 1270196844
Waxwing, 1149179845, 1147805842
WATDE1009, 1247094959, 1244219242
WATDE0983, 1248774699, 1245947330
WATDE1044, 1180459816, 1178236390
WATDE0991, 1210585844, 1208763243
WATDE1014, 1228528941, 1226600545
WATDE0850, 1748975824, 1746242470
WATDE0996, 1254129789, 1252275360
WATDE0974, 1270007228, 1267024946
WATDE0932, 1410357811, 1407802182
WATDE0790, 2266462995, 2260344447
WATDE0934, 1371520408, 1369074155
WATDE0950, 2478220004, 2474670952
WATDE0987, 1271483235, 1268328054
WATDE0768, 2713825481, 2708049920
WATDE0920, 1427649951, 1424747174
WATDE1005, 1311901338, 1309812072
WATDE1032, 1159059875, 1156899988
WATDE1049, 1342322090, 1339799727
WATDE0982, 1213838804, 1211428463
WATDE0793, 2652844903, 2646942174
WATDE0938, 2374355356, 2369305662
WATDE0924, 1742163672, 1739749394
WATDE0984, 1218341699, 1216512163
WATDE0777, 2280286285, 2275934148
WATDE0971, 1265292472, 1263288031
WATDE0929, 1464547241, 1462354600
WATDE0939, 2450566430, 2445472338
WATDE1004, 1502195670, 1499334152
WATDE0794, 2371015990, 2366140546
WATDE1017, 1193750140, 1191560961
WATDE1029, 1160323798, 1157051637
WATDE0839, 2326480134, 2322612822
WATDE1001, 1259028729, 1256888180
WATDE0989, 1127161295, 1125560565
WATDE0927, 1708172400, 1704784724
WATDE1002, 1308700048, 1306259053
Wyalkatatchen, 1201417527, 1199683647
WATDE0973, 1134277952, 1132674782
WATDE1026, 1217658574, 1215775590
WATDE0955, 1749949046, 1747373865
WATDE0781, 2422018361, 2417473412
WATDE0797, 3153805653, 3147201576
WATDE0848, 2350634173, 2345612110
WATDE1037, 1162870619, 1159512885
WATDE0930, 2438919664, 2435426269
Werla, 1241744499, 1238216089
WATDE1027, 1132373841, 1130848826
WATDE1016, 1418623663, 1416527475
WATDE0941, 3644773046, 3639212604
WATDE1031, 1348866993, 1346476786
WATDE1008, 1259128627, 1256794168
WATDE1023, 1152996718, 1150839374
WATDE1062, 1146062546, 1144457733
WATDE1035, 1214070312, 1211921891
WATDE1003, 1311415881, 1308669787
WATDE1050, 1359413924, 1356387595
WATDE1025, 1267646667, 1265740639
WATDE1053, 1153604123, 1151682009
WATDE1018, 1174252341, 1171579033
WATDE0978, 1662284173, 1658534041
WATDE1051, 1152711905, 1150896795
WATDE1048, 1168643944, 1166205848
WATDE1052, 1369907983, 1367586749
WATDE0837, 2404644862, 2400499050
WATDE0926, 2127372716, 2123688096
WATDE1055, 1369765941, 1367684872
WATDE1058, 1213519552, 1210786935
WATDE0780, 2962607193, 2956833657
WATDE0933, 1990103269, 1987612184
WATDE0945, 3520693502, 3515168840
Xi, 1921855773, 1920507892
Wizard, 619414794, 618742041
WATDE0953, 2841966640, 2836910020
WATDE1042, 1473763062, 1471162553
WATDE0937, 2650104098, 2646035468
Zemon, 1684329138, 1683029084
WATDE0952, 3524432024, 3518547976
WATDE1056, 1289856540, 1286844184
WATDE1040, 1277511081, 1275656853
WATDE0841, 2615245442, 2610556254
WATDE0944, 3910702336, 3903456006
WATDE0278, 3999667234, 3988980409
Zentos, 1800346584, 1790845942
Talent, 2428348020, 2426123724
Tambor, 2333402657, 2050380566
